asset_id,drive_file_id,filename,mime_type,size_bytes,rarity,image_uri
"0001","1_-CyVs6pbRudNQCllRuaPaTlujveradX","Three-headed_wolf_running_in_mist_202608150841.jpeg","image/jpeg","825643","Common",""
"0002","1_1B8Qkx4sTqgO8eyO4rdzw57WiEntZ0D","Eyes_reflecting_fire_and_smoke_202608150833.jpeg","image/jpeg","940440","Common",""
"0003","1_1xEq4njuSxpnwcs4WMMQ7K6GO-jsvl_","Nicolas_looking_at_golden_dawn_202608150837.jpeg","image/jpeg","966221","Common",""
"0004","1_BU-ksK5FfzbyqAsyBaXApWrFIotaynu","Three-headed_wolf_running_in_mud_202608150830.jpeg","image/jpeg","746164","Common",""
"0005","1_CjKatIoGbN-OGk27HG2cBx-BGMCO_Un","Pilgrim_poet_touching_dog_202608101042.jpeg","image/jpeg","745736","Common",""
"0006","1_CRemAV1leaLML5trh2YQjokUJZmRQ-g","Three-headed_wolf_howling_in_river_202608150834.jpeg","image/jpeg","708291","Common",""
"0007","1_ElFGz-FVA1ardy-WMye5IQNRRnrAzM9","Factory_shadows_by_river_202608150840.jpeg","image/jpeg","906467","Common",""
"0008","1_FLZQ2hl6i1UTAQcb3tT-JtSk-8i3aMS","Creature_head_in_mist_202608101042.jpeg","image/jpeg","755643","Common",""
"0009","1_gsL_0vKduQ_xJnBVkYtUeOsIkSrfMtP","Volcanic_lava_flowing_through_swamp_202608150831.jpeg","image/jpeg","910499","Common",""
"0010","1_h3cA3GBJHB8rrgAfIrTf3hzkolXpAn6","Storyteller_sharing_legends_by_l…_202608150834.jpeg","image/jpeg","779262","Common",""
"0011","1_H9DomRqQG088JNR2I8_3cyMTVN9eGUy","Fireplace_glowing_inside_fisherm…_202608150830.jpeg","image/jpeg","930181","Common",""
"0012","1_hyHEnzYRsRKDezcAOXfyF-NMlFxkk0c","Stone_bell_tower_in_floodwater_202608101042.jpeg","image/jpeg","614595","Common",""
"0013","1_iPnV7uiOSF50broq0pgUt0hBZ12lY6c","Man_sitting_on_boat_deck_202608150846_2.jpeg","image/jpeg","905991","Common",""
"0014","1_k7OQ1pO_d7ZMZRX8IMlMKBzt7bb5n5b","Watchtower_scanning_misty_river_202608150830.jpeg","image/jpeg","844546","Common",""
"0015","1_KBeqYJwhXfGewvneI5eezotmulmsI3M","Charred_tree_trunks_in_fire_202608150845.jpeg","image/jpeg","835971","Common",""
"0016","1_KxboedqY3cr6zqwNfiX0qkgI9wRX0zv","Person_staring_at_fire_202608150830.jpeg","image/jpeg","780344","Common",""
"0017","1_nHcjDsHE8b7AQ-CGGliaw9YFeLh6gqv","Lightning_striking_tree_in_wetlands_202608150838.jpeg","image/jpeg","717146","Common",""
"0018","1_O8dKDYq0wUN8lI1f-17VOw_yLHkYiwH","Villagers_bartering_at_river_market_202608101047.jpeg","image/jpeg","949703","Common",""
"0019","1_P313Cl0JX1Q36nMAtwGupejjLe6Zkd9","Three-headed_wolf_running_in_mist_202608150838_2.jpeg","image/jpeg","682697","Common",""
"0020","1_pKkAQPxoKiRKlYwSYnvAMHyOKBjkLW-","Three-headed_wolf_howling_mist_202608150834_2.jpeg","image/jpeg","755885","Common",""
"0021","1_R-wgH-9GX3nxjh2bl7uWsfE0zNHEEpt","Bronze_amulet_in_stone_frame_202608150830.jpeg","image/jpeg","785399","Common",""
"0022","1_T6RMpDtzJbXeDAGvKcY24zAmawqGknA","Earth_Giant_holding_obsidian_spear_202608150836.jpeg","image/jpeg","1100059","Common",""
"0023","1_tsX1yG0Pl3dlN5bfoQI8evami8d7TvT","Thrinwulf_standing_on_cliff_202608150835_4.jpeg","image/jpeg","975051","Common",""
"0024","1_Y-SKLl1ui9FgXP0ctIMYjlWdkDuBskI","Night_fog_rolling_over_house_202608150836.jpeg","image/jpeg","694448","Common",""
"0025","1_ztl9TaXahkqG0wfKYNSjDG0_PP5VHqF","Three-headed_wolf_near_marsh_path_202608150835.jpeg","image/jpeg","963668","Common",""
"0026","1-_Nf_EuBntDs1ANpW0jRAmchARAVs_Hn","Poplar_trees_along_misty_riverbank_202608101046.jpeg","image/jpeg","960037","Common",""
"0027","1-_u3gaPD8L_DHX2PfrV2V_CP3fP1w8O7","Charred_trees_in_iron_frame_202608150836.jpeg","image/jpeg","837807","Common",""
"0028","1-0K4WbvCmbjuFcTB_cSFs0qdY-6vafX5","Freshwater_river_meets_salty_sea_202608101044.jpeg","image/jpeg","899390","Common",""
"0029","1-0pArjKnlV03ZaWOE5vpJldx0HBC63JG","Searchlights_cutting_through_twi…_202608150841.jpeg","image/jpeg","758857","Common",""
"0030","1-17Uq3PHTyu0u7mkNzb-gX_rNdXea3Ww","Lance_and_shield_on_altar_202608150832_2.jpeg","image/jpeg","1011972","Common",""
"0031","1-2ehiGdVQQIv2YbWVapkwTyeV82E7XRW","Three-headed_wolf_emerging_from_fog_202608150840_4.jpeg","image/jpeg","851501","Common",""
"0032","1-5HyQz-x-1JEmfbVLcBFTU5cbp9nbgIk","Three-headed_wolf_running_throug…_202608150835.jpeg","image/jpeg","692371","Common",""
"0033","1-AMBVoEnx4Lcx2OAzVkpzTWp5DAw0xCb","Footprints_in_dried_mud_202608101043.jpeg","image/jpeg","816157","Common",""
"0034","1-aoRSUnTehy30KtLDrBQMx5aGpQEt41d","Girl_staring_at_swaying_reeds_202608101042.jpeg","image/jpeg","740309","Common",""
"0035","1-CdLEXgfZkHt0dxAn9AapMYgDoqTglgh","Conicer_nft_collection_nft_1.png_202608150829.jpeg","image/jpeg","665719","Common",""
"0036","1-ct825EciY3vUQ_1gCsY0HD0M8jDqtkz","Rusted_gate_blocking_swamp_path_202608150834.jpeg","image/jpeg","984313","Common",""
"0037","1-dwDqWUq49Tom72Bd3jvzUfu6lEYhTF3","Thrinwulf_glowing_silhouette_fusing_202608101045.jpeg","image/jpeg","752022","Common",""
"0038","1-f45wM0sfdRb4UJkplqtR8Cz556HFxfy","Villagers_bartering_at_river_market_202608101044.jpeg","image/jpeg","1038787","Common",""
"0039","1-fpHRjaxH-YnJ9-IYLDSCVhAshH-gTsg","Mechanical_arm_in_canal_202608150836.jpeg","image/jpeg","937356","Common",""
"0040","1-g0MnyaSEvJl1b5oZPy4HvhQmiLV1Kty","Lance_and_shield_on_hill_202608150846.jpeg","image/jpeg","1034706","Common",""
"0041","1-GcGBklbSe2zP6x3fATaSfqnj6ExR9dG","Three-headed_wolf_ready_for_battle_202608150845_3.jpeg","image/jpeg","736293","Common",""
"0042","1-GijMmPdZTbPg_NYFrTHL55Nmnq_ZDgQ","Three-headed_wolf_emerging_from_fog_202608150845_3.jpeg","image/jpeg","775250","Common",""
"0043","1-H-Ky9YLbVfitkezloggP0NL4cfnQ3Z2","Hand_polishing_silver_wolf_amulet_202608150840.jpeg","image/jpeg","686435","Common",""
"0044","1-jSx8pHEGmrlhpIp7QqL83hPE-rL94i8","Three-headed_wolf_in_submerged_r…_202608150840.jpeg","image/jpeg","725813","Common",""
"0045","1-OFxHulnHD99Hi38hqT9ixBxjy4fkwmI","Three-headed_wolf_running_with_pack_202608150834.jpeg","image/jpeg","991132","Common",""
"0046","1-pp36LP3OH3Gs0QWVPn3qCZKjvTvPPt2","Boat_passing_beneath_stone_archway_202608150842.jpeg","image/jpeg","919136","Common",""
"0047","1-TE6ErMA5ARU22oEkbT7q574okFhCmjc","Earth_giant_stomping_foot_202608150830.jpeg","image/jpeg","889361","Common",""
"0048","1-teBAu8H_84nEW1syCTmt5T2IT9Wrhcp","Thrinwulf_standing_on_sandbank_202608150845.jpeg","image/jpeg","1039328","Common",""
"0049","1-tEvUI1voM9fl3_4I8GapArkv1ZMl0Mx","Wooden_boat_at_stone_pier_202608150838.jpeg","image/jpeg","907933","Common",""
"0050","1-TgSSKyP-DQ9DwlpiipqNq3plriPhaw6","Three-headed_wolf_running_with_pack_202608150840.jpeg","image/jpeg","858503","Common",""
"0051","1-tNoIy_BuM10iCsKTmgkhpLASUHdBooQ","Shield_of_water_blocks_mud_202608150840.jpeg","image/jpeg","916256","Common",""
"0052","1-Tzbf2P-GybqKjnV1PjWrpqsY1aohyJT","Water_spirits_dancing_over_lagoon_202608150838.jpeg","image/jpeg","1007733","Common",""
"0053","1-UjhSGuh61sYTU57_ncjPM7pEW0jRRRs","Three-headed_wolf_ready_for_battle_202608150833_2.jpeg","image/jpeg","773966","Common",""
"0054","1-UL12wFoGjTEgCaF8yq54DjgcHAht6WZ","Noemi_staring_at_river_horizon_202608150837.jpeg","image/jpeg","1010447","Common",""
"0055","1-Vdqt5_9xogRyLRyLFdFhu0MhJmfLlSS","Three-headed_wolf_ready_for_battle_202608150832_5.jpeg","image/jpeg","754020","Common",""
"0056","1-VepSVxJU-vphGtEoBkqHvlgTVrbGaz5","Narrator_gesturing_by_warm_firel…_202608101047.jpeg","image/jpeg","813194","Common",""
"0057","1-w6ya3WIieqMKz-hOTZP1XMdZdiozx2v","Mechanical_gears_in_dark_water_202608150830.jpeg","image/jpeg","932786","Common",""
"0058","1-xG4XW8X_kvfclgBJORO8M1fOApZcPT9","Shield_of_Water_calming_lagoon_202608150832.jpeg","image/jpeg","891982","Common",""
"0059","1-xUARZPQgKDzh93TY_vQY9E0lVEKdoOW","Boy_standing_before_three-headed…_202608101047.jpeg","image/jpeg","839395","Common",""
"0060","1-z2pVEpijGirGcVe5aNcZRL8bydNd0ZG","Three-headed_wolf_walking_throug…_202608150843_2.jpeg","image/jpeg","751596","Common",""
"0061","1-ZVZ2QFMqPiNYI7QVIeVO1RVHtqvBo80","Pilgrim_poet_walks_in_fog_202608101042.jpeg","image/jpeg","759832","Common",""
"0062","10-PW9laP0FjZJErx8h5AaKkbHNRTSEWD","Three_headed_wolf_looking_forward_202608150838_4.jpeg","image/jpeg","713595","Common",""
"0063","102fO_qii2BVvb0ue_4ocYwQGSJuM1p86","Grieving_sisters_transforming_in…_202608101046.jpeg","image/jpeg","999488","Common",""
"0064","103wHKiyLNGhKMVEVlktZok8Sz4Wi22uX","Searchlights_cutting_through_riv…_202608150839.jpeg","image/jpeg","817568","Common",""
"0065","10adnftTi-a7ZG0VtuBHcL0wOyE5lFi1h","Three-headed_wolf_emerging_from_fog_202608150837_2.jpeg","image/jpeg","687039","Common",""
"0066","10azPJIiLkIQ0M78r3MiKXJsv-TZq6oKs","Volcanic_cracks_oozing_molten_lava_202608150832.jpeg","image/jpeg","896974","Common",""
"0067","10bdAnfkqW2zgnO6stAio0eL7BzCkgR0Z","Silver_wolf_meeting_three-headed…_202608101043.jpeg","image/jpeg","996606","Common",""
"0068","10eDOS9tNPxNsp8tRn22jrs9p0JgDwt_r","Three_wooden_boats_sailing_202608150836.jpeg","image/jpeg","891800","Common",""
"0069","10EQ__JBHx5PSzdCW5Q_snZHZJf2iDJBC","Luminous_echo_hovering_over_river_202608101047.jpeg","image/jpeg","834927","Common",""
"0070","10hd7-79wzJ5bs9l1eT-4FQ9j6pxXtKly","Golden_river_shaping_running_wolves_202608150833.jpeg","image/jpeg","869042","Common",""
"0071","10hmcAxMqosUx2kZJNVacwW6ZHb6RxaOh","Pollen_drifting_through_pine_forest_202608150837.jpeg","image/jpeg","774107","Common",""
"0072","10I9SiQPb8s7RQXtCVuM6d9660KjTaDwP","Two_people_watching_dawn_sky_202608150832.jpeg","image/jpeg","1005590","Common",""
"0073","10JB-d9TI4DcTxUDx2WT8IJItsU4wxlqV","Three-headed_wolf_running_in_forest_202608150840.jpeg","image/jpeg","809716","Common",""
"0074","10kFCIJJ8Lu6hAQS4iZHdowycbxAN5c93","Three-headed_wolf_running_202608150832.jpeg","image/jpeg","797859","Common",""
"0075","10QWb6Cr-yFfY9gNzHwRtlvcKpN8ywm8C","Shield_of_Water_calming_lagoon_202608150833.jpeg","image/jpeg","961584","Common",""
"0076","10RR3Or6k-qbPiBaombfxSqJ7L0Ax00Zi","Glowing_runic_circle_on_stone_202608150840.jpeg","image/jpeg","880613","Common",""
"0077","10rzIB8edF692jbBjpJq0JtI-n2BZI5v0","Thrinwulf_standing_in_river_delta_202608101046.jpeg","image/jpeg","717121","Common",""
"0078","10TBjhEkoqFYkF2V8Kht5E9NnWtjPXEi1","Iron_factory_beside_river_202608150833.jpeg","image/jpeg","925292","Common",""
"0079","10tpF4kBM3KUdYajkOVsDKxUGzLDt-Hqy","Po_River_flowing_into_sea_202608150831.jpeg","image/jpeg","1037340","Common",""
"0080","10u9cuZBYZp4i1sxcAcddenZ6d9DZNZoU","Cyan_particles_rising_from_lagoon_202608150838.jpeg","image/jpeg","610880","Common",""
"0081","10uFiXadr8FZwEFoakfqb4AppACeZTIML","Elder_monk_planting_iron_cross_202608101044.jpeg","image/jpeg","827609","Common",""
"0082","10YFizl3EApPEu7ESebC4anoLvmzgR3eY","Thrinwulf_rising_among_reeds_202608101042.jpeg","image/jpeg","729032","Common",""
"0083","10ZjfMzHS1GEMHaPOJaTkqc5_zDXcJ4qd","Water_sphere_reflecting_cosmic_n…_202608150835.jpeg","image/jpeg","871898","Common",""
"0084","10Zkqp1x3bxLOcZ8jLEEWha7J892Ns5mg","Three_headed_wolf_emerging_202608150841.jpeg","image/jpeg","769962","Common",""
"0085","11-9E8LI0ulzC50EHvGapBoqiJwrDnnjO","Wise_leader_with_cosmic_eyes_202608150844.jpeg","image/jpeg","775297","Common",""
"0086","11-V5YUSmI2vcILlopm1nLH6mrk1CDAON","Hand_polishing_silver_wolf_amulet_202608150839.jpeg","image/jpeg","762778","Common",""
"0087","113IdQJDSEZKRUMCflFHu_IPoch1dD0y4","Anchor_glowing_in_rainstorm_202608150831.jpeg","image/jpeg","780996","Common",""
"0088","116iEtvjhCi62ADgQDUZu_O52-Of13Ffo","Searchlights_cutting_through_riv…_202608150845.jpeg","image/jpeg","705953","Common",""
"0089","116MLgFKdE0VbmRiO_Ks2h-X0xV-P5uW6","Thrinwulf_standing_on_sandbank_202608150839_2.jpeg","image/jpeg","802899","Common",""
"0090","1195AFdMWi3HYz3GTDmMKpzdtt_AW1s8k","Noemi_healing_wounded_Nicolas_202608150843_2.jpeg","image/jpeg","904236","Common",""
"0091","119eJ5kU_o7nfszbgM2j9fjrh5YywoXpb","Three-headed_wolf_running_river_…_202608150844.jpeg","image/jpeg","770740","Common",""
"0092","119MnJPmTh5E-8M6L7jc2GV3j9MG_6Jlh","Noemi_staring_at_river_horizon_202608150832.jpeg","image/jpeg","921559","Common",""
"0093","11AtmGo22QkYCaOvL5Mz583izgS-qYcIY","Three-headed_wolf_in_temple_202608150841.jpeg","image/jpeg","884575","Common",""
"0094","11aYGHD_rL98mzLpfiAIfbmU7B53JGKbU","Abandoned_iron_factory_on_river_202608150846.jpeg","image/jpeg","847211","Common",""
"0095","11bdKmCdyrgnOLEQX2u8zs5XYguKPnVGL","Villagers_and_marsh_dwellers_sta…_202608101047.jpeg","image/jpeg","816716","Common",""
"0096","11D8cNnsetj9AovpOazUyPA0DS1cj_4ij","Three-headed_wolf_running_with_pack_202608150830.jpeg","image/jpeg","885441","Common",""
"0097","11Fq9SSHJuCbTkHfiIpT01228LnDvY-mi","Three-headed_wolf_ready_for_battle_202608150842.jpeg","image/jpeg","834817","Common",""
"0098","11fzCl_kjBgWj9_WRJxGkYhVpSSgka_yQ","Three-headed_wolf_running_throug…_202608150833.jpeg","image/jpeg","678321","Common",""
"0099","11gK6XundArSh4XZn_cFHxYmb4atayRjy","Figure_watching_wolves_at_horizon_202608101047.jpeg","image/jpeg","866817","Common",""
"0100","11gQzNj4M6aQ0LvbmrYK2SyGij1uNQRUz","Three-headed_wolf_howling_in_mist_202608150840.jpeg","image/jpeg","819518","Common",""
"0101","11hvm1K-c0BxPPFv5TYUnfXdg0oymItAt","Black_wolves_running_across_snow_202608150834.jpeg","image/jpeg","941138","Common",""
"0102","11hYdGrkpV_gkoCf4hVCJkTcYY3rnvgWG","Wooden_bridge_crossing_canal_202608150842.jpeg","image/jpeg","755438","Common",""
"0103","11j6MauSsh8nOTPoTC4itDXq7Ndt00bN4","Stone_carving_of_three_wolves_202608150839.jpeg","image/jpeg","1018560","Common",""
"0104","11JLLT70PbnSzBXu613cG0ZqMF29t-XZX","Noemi_healing_wounded_Nicolas_202608150835.jpeg","image/jpeg","899624","Common",""
"0105","11n2k6FghpBBMtntuGAA8TucWMfdw_1jq","Three-headed_wolf_standing_near_…_202608150843.jpeg","image/jpeg","787613","Common",""
"0106","11NvALvpC6qhBlz88_tTnwCVLEEbbrOQ4","Three-headed_wolf_ready_for_battle_202608150830_3.jpeg","image/jpeg","742988","Common",""
"0107","11O4wBj8ynlQcJK31ggiBGscszYcAKxSt","Pilgrim_walking_away_with_dog_202608101044.jpeg","image/jpeg","783727","Common",""
"0108","11PTEyy8xir4RuO0zT74AJFNIoCM5Xzez","Noemi_healing_wounded_Nicolas_202608150840.jpeg","image/jpeg","935667","Common",""
"0109","11PupUmdrejhPmRitLVcG2IbTX5TLBKPG","Charred_trees_in_fire_frame_202608150838.jpeg","image/jpeg","864019","Common",""
"0110","11s-9dmaJEIUW9pO17pSru90e6DnvSyhO","Three-headed_wolf_emerging_from_fog_202608150846_9.jpeg","image/jpeg","645050","Common",""
"0111","11sGSv_jC65RK-Pe5duCxKqwMd21dtglx","Storytellers_drifting_above_moon…_202608101047.jpeg","image/jpeg","890740","Common",""
"0112","11uk2E2RxLmH1F9ARMaeNjmobg7iuUIbn","Three-headed_wolf_in_flooded_forest_202608150840.jpeg","image/jpeg","811719","Common",""
"0113","11UtRfJDx-CVeeVT_mb6q9ShCdtNEvKhA","Alpha_wolf_asserting_authority_202608101045.jpeg","image/jpeg","906382","Common",""
"0114","11WCUStDndWa--lGAPkFBpgcrC0Jo7rUJ","Close-up_of_molten-gold_eyes_202608150845.jpeg","image/jpeg","925401","Common",""
"0115","11WgBevLprr1m4eFtx2rVfi2KAkRldS0Y","Shield_of_Water_calming_lagoon_202608150846.jpeg","image/jpeg","1035966","Common",""
"0116","11YgDhy4-uLtCGRGJ7FT2mbxp_I3BmPv2","Three_wooden_boats_sailing_reeds_202608150833.jpeg","image/jpeg","843277","Common",""
"0117","11Z_Gbl7PtyWxQSnVvwWw2ytXxuRjQoYO","Three-headed_wolf_standing_in_fo…_202608150833.jpeg","image/jpeg","833749","Common",""
"0118","12-Kw4N7dIqpf1ZAVpmcbwq3VymLZizv1","Three_headed_wolf_looking_forward_202608150830.jpeg","image/jpeg","727230","Common",""
"0119","121Dpfo4kLXJeJapL-NVgWw5aE6wEt98v","Three-headed_wolf_running_throug…_202608150840.jpeg","image/jpeg","725092","Common",""
"0120","122jAtUjC9_eARuFU4TN-p2SRw5j956eW","Glowing_runic_circle_on_stone_202608150831.jpeg","image/jpeg","1042330","Common",""
"0121","126B_oJ4RC_qO9eC3SPZWPejPCyvCxmuc","Volcanic_cracks_in_charred_forest_202608150841_2.jpeg","image/jpeg","1030942","Common",""
"0122","126b4wmf0yMshvnDw_eUUo3mtaXJYN3Go","Monk_crossing_causeway_to_abbey_202608101046.jpeg","image/jpeg","751704","Common",""
"0123","12CAC3WgXgsLwHnCF9Mi9O0C1750HhIDW","Thrinwulf_running_with_wolves_we…_202608150838_2.jpeg","image/jpeg","750448","Common",""
"0124","12d0YCWye7Wf53Ufi_vhtiK324FKzSkBy","Three_headed_wolf_running_202608150834.jpeg","image/jpeg","753634","Common",""
"0125","12gnnefSvFmpfSjWDyBGUmDpCJVfTgew1","Three-headed_wolf_walking_throug…_202608150841_5.jpeg","image/jpeg","713963","Common",""
"0126","12gqDbW00oRjaavYIMBPe7qnERkRnP9XH","Three_headed_wolf_ready_for_202608150830.jpeg","image/jpeg","834458","Common",""
"0127","12hKsyOqyjwtLFhSz2AjJZcYqSDPKcmX-","Lance_and_shield_on_hill_202608150836_3.jpeg","image/jpeg","1029185","Common",""
"0128","12hpzqBImDCbKE3mY6mxNeEQH5n6GhLca","Po_River_Delta_flowing_into_202608150833.jpeg","image/jpeg","995118","Common",""
"0129","12is8bgsGENfPuO79IF2hxrvTP0Ay5PUa","Water_ripples_shielding_boat_202608150838.jpeg","image/jpeg","696454","Common",""
"0130","12JFRsuF1_ojIfi4YWFT2WNh-DouFeqF6","Crystalline_water_sphere_reflect…_202608150838.jpeg","image/jpeg","916592","Common",""
"0131","12JIRIn1CfH8-1XSp5wNaHryinO3iP3oV","Three-headed_wolf_standing_in_fo…_202608150843.jpeg","image/jpeg","852411","Common",""
"0132","12kNuEfPMGxkxREF2NzODirrnbAGu6Ifj","Wolf_standing_overlooking_river_…_202608101044.jpeg","image/jpeg","916634","Common",""
"0133","12Mf08kXAympAO4Q8PqHEDLmT4XzSx3gQ","Silver_wolf_medallion_in_swamp_202608150841.jpeg","image/jpeg","907851","Common",""
"0134","12N9wUf4SISeOIDvmSGilvTdd--FtgQkU","Thrinwulf_sleeping_under_glowing…_202608150840_2.jpeg","image/jpeg","1087632","Common",""
"0135","12OddSiqHaxkOFltFsNtyh1nzIg7Wgjds","Three-headed_wolf_standing_in_mud_202608150833.jpeg","image/jpeg","820392","Common",""
"0136","12P0wNUHAzgx6pjKDoJ4mh7txwC9I6RSi","Silver_key_on_dark_velvet_202608150833.jpeg","image/jpeg","774219","Common",""
"0137","12piWLwKom1ih3sXzkDTUmXCZ_wTI7anw","Three-headed_wolf_running_throug…_202608150830_5.jpeg","image/jpeg","888968","Common",""
"0138","12Q9XoTUGTChhdOeswjIcp_UctcQ2YHK9","Pilgrim_sitting_by_riverbank_202608101044.jpeg","image/jpeg","882753","Common",""
"0139","12T0pC7BkbsmsTNvohctw8kfKgqnmWjR5","Three-headed_wolf_emerging_from_fog_202608150830_6.jpeg","image/jpeg","639913","Common",""
"0140","12Ta3tC0GCzQk530fzJoW6dzPoMpqmJRX","Fireplace_glowing_in_wooden_hut_202608150845.jpeg","image/jpeg","977508","Common",""
"0141","12tFxYtitB2cKvZgexYhBx5mNAznvD_fn","Three-headed_wolf_walking_throug…_202608150841_3.jpeg","image/jpeg","698091","Common",""
"0142","12vkFagK29io1BK4exVLSFqQF-SwPWUa_","Lance_and_shield_on_hill_202608150836_2.jpeg","image/jpeg","1072076","Common",""
"0143","12vR1kWlymnNKE8k4IyXsg3fVrF6RJs7o","Iron_gate_blocking_swamp_path_202608150836.jpeg","image/jpeg","1011677","Common",""
"0144","12wSLHa-b-xdwj6gnZJLKHgG82pKlqIqH","Three-headed_wolf_howling_in_mist_202608150835.jpeg","image/jpeg","814776","Common",""
"0145","12ZDjAxMXdkI1r3ZdLIcErTrIiFY4f874","Earth_giant_stomping_foot_202608150845.jpeg","image/jpeg","1041843","Common",""
"0146","13-aA6xHVVR1YiZHfisjXiI20Hd5CMAUQ","Abandoned_iron_factory_by_river_202608150835.jpeg","image/jpeg","911329","Common",""
"0147","132hfWMkWLyev_z2CwDZvVrITk-pJFVtV","Wolf_pack_crossing_tidal_flats_202608101042.jpeg","image/jpeg","798015","Common",""
"0148","134BjqlfVja13KXWhsufDbgGpFHDRqAra","Blue_eyes_reflecting_cosmic_horizon_202608150831.jpeg","image/jpeg","759208","Common",""
"0149","134hvWT3ImuEP_qA44HNme2H5G0npymoC","Volcanic_cracks_oozing_molten_lava_202608150836.jpeg","image/jpeg","1013144","Common",""
"0150","137uxWZWK_oAWHdaE1f_HpWyPjUulpggx","Thrinwulf_glowing_fur_with_frame_202608150837.jpeg","image/jpeg","849650","Common",""
"0151","139s36Hd7li6MkiRV15jpoTNtSDxCT5RG","Shipwreck_mast_pointing_at_nebula_202608150842_2.jpeg","image/jpeg","834047","Common",""
"0152","139wyNYdrt85IgliKucKfJ-DLIEV97_0q","Three_headed_wolf_running_202608150834_2.jpeg","image/jpeg","738286","Common",""
"0153","13BbeIbeGVkW6ZLofa0IdOYAIQPE4dAz3","Three-headed_wolf_running_at_night_202608150838.jpeg","image/jpeg","876973","Common",""
"0154","13bN14VeFvwwlGmSokm2ewn50Ahei0qnM","Three-headed_wolf_walking_throug…_202608150835_2.jpeg","image/jpeg","760422","Common",""
"0155","13cIJGpy0LCu4O4kh0TMy8kcG9r7PjjYU","Veiled_mourning_women_joining_hands_202608101042.jpeg","image/jpeg","737893","Common",""
"0156","13cowh7FbNvQX3L1zGp0UTUa-LWTeb0J-","Ghostly_visions_swirl_in_eyes_202608101045.jpeg","image/jpeg","866781","Common",""
"0157","13D3fakBkYhew8r1RTX7I7ljQ8EoB2g7N","Man_sitting_on_boat_deck_202608150831.jpeg","image/jpeg","929912","Common",""
"0158","13GvYhrVQZlo9DM8PSJL0J9RTDmLMaa34","Three-headed_wolf_walking_throug…_202608150841.jpeg","image/jpeg","640719","Common",""
"0159","13HbRNktKvo0oM2R9rWOREVZ32WJanjS6","Elder_passing_golden_glow_to_202608101044.jpeg","image/jpeg","793344","Common",""
"0160","13iqtotUoYI0MT84_4Jx7rimEmwkXaf_0","Three_headed_wolf_in_fog_202608150846.jpeg","image/jpeg","686016","Common",""
"0161","13ME3cPaIyyBwNMv7aKBHn9hsZUEdp9Ch","Stone_staircase_leads_into_mauso…_202608150839.jpeg","image/jpeg","889409","Common",""
"0162","13nhu58ONBtkQcmUBRM4w8M4-PQQaEq-c","Fishermen_rowing_boats_on_river_202608101042.jpeg","image/jpeg","741811","Common",""
"0163","13OIDl2cOg9MvV1eejmOLMZgWGkZGOuIt","Three-headed_wolf_howling_in_mist_202608150844_2.jpeg","image/jpeg","742943","Common",""
"0164","13SDQ9rclZ4NDyo_-2GvZw7hsWpmxQbmp","Three-headed_wolf_walking_in_water_202608150837.jpeg","image/jpeg","794722","Common",""
"0165","13tTwXDw5r9Q6qfW9qQgslUbYn6G0fgfj","Three-headed_wolf_emerging_from_fog_202608150839_2.jpeg","image/jpeg","775028","Common",""
"0166","13w31QBMfhQ3MEo_qpuFWEnXOJievx0AZ","Wooden_watchtower_in_wetlands_202608150836.jpeg","image/jpeg","1090357","Common",""
"0167","13WxRMx7zCHCeI5ljjc9I6UYasoSWk_-b","Villagers_inside_hut_during_rain_202608101044.jpeg","image/jpeg","880898","Common",""
"0168","13yNWI-O4o_rNppQBiS0O0RRKliISGlDy","Crystalline_water_sphere_reflect…_202608150830.jpeg","image/jpeg","876533","Common",""
"0169","13ZpYrCHMVy_7XW22lTSsCA1HysuVkWIb","Ancient_wooden_chest_in_vault_202608150844.jpeg","image/jpeg","953985","Common",""
"0170","14_hjhy2AO3v1t1tmdXrbd6I_agzEeUS5","Three-headed_wolf_walking_in_water_202608150836_2.jpeg","image/jpeg","782454","Common",""
"0171","141MJwIUBTpkEYzZqePjdZTzGpuhtr0fh","Poplar_trees_along_riverbank_202608101044.jpeg","image/jpeg","1003012","Common",""
"0172","142m2U7ZoM-Q_1lIGEjuKo8c90_bg7pkL","Woman_holding_lantern_by_river_202608101044.jpeg","image/jpeg","755826","Common",""
"0173","143vHWR7BZwmZG4kQMZiw_2vJzE2ny2Ke","Noemi_healing_wounded_Nicolas_202608150833.jpeg","image/jpeg","943570","Common",""
"0174","146DP8VCBPMUyaDhJBSa4tGRvAe3zpJgK","Three-headed_beast_bowing_before…_202608101043.jpeg","image/jpeg","1019125","Common",""
"0175","146iJl3A4Vmrz0ovqxMYJI4k7Eor9MqVy","Man_holding_wooden_wolf_carving_202608150843.jpeg","image/jpeg","917487","Common",""
"0176","148d9X825jiVw0b-71zWsmk6ef1OXb_Yz","Survivors_walking_from_ruined_vi…_202608101042.jpeg","image/jpeg","922546","Common",""
"0177","148Y-hASIi38BfxIFddsTiF75TM0Wcu47","Three-headed_wolf_in_temple_202608150842.jpeg","image/jpeg","803264","Common",""
"0178","14A01cPYk28PH0dCfcfGRjXVPOuYOlc4E","Thrinwulf_head_with_ghostly_visions_202608101045.jpeg","image/jpeg","939423","Common",""
"0179","14c2tJCdOekIF3wddRdJQBv8jt1QvGsS1","Figure_watches_wolves_at_horizon_202608101043.jpeg","image/jpeg","857879","Common",""
"0180","14cV6Z9MkUgYTKO4DlW2XMWG13RXJvxiO","Root_systems_glowing_with_energy_202608150834.jpeg","image/jpeg","901916","Common",""
"0181","14DTYB04vf7XgqNf7MGRDLzZYrXwkrq0f","Three-headed_wolf_ready_for_battle_202608150845.jpeg","image/jpeg","814651","Common",""
"0182","14eAxM22m5aML-I0LzDogSUVTYTbP2N3V","Pilgrim_walks_toward_golden_horizon_202608101046.jpeg","image/jpeg","678439","Common",""
"0183","14Eb4a_JJCBQzG6Gfi4BAcm59K_TwvfB2","Thrinwulf_fighting_in_floodwater_202608101042.jpeg","image/jpeg","730561","Common",""
"0184","14Fypt2__CMilfScL9YYi65SGNhpF-PcZ","Po_River_Delta_flowing_sea_202608150843_3.jpeg","image/jpeg","989974","Common",""
"0185","14gz7sjHrOt8Yted4Wn-OWB8NqHbX5MYN","Wolf_spirit_reflecting_glowing_f…_202608101044.jpeg","image/jpeg","893621","Common",""
"0186","14H3iRIN2IGGogAtHO0GHUN0bGxVmlvMe","Three-headed_wolf_walking_throug…_202608150841_4.jpeg","image/jpeg","827597","Common",""
"0187","14iRa7Z65PYeHcjidWlIYnOg-2c4RtulT","Three-headed_wolf_running_in_fog_202608150836.jpeg","image/jpeg","744751","Common",""
"0188","14ps5ZhFaJmNP3vV5G24P5HCU7cYlKMAG","Three-headed_wolf_walking_throug…_202608150840_3.jpeg","image/jpeg","842991","Common",""
"0189","14Q1HjVC_FVRFqGHcppVl5UyUD8URuYXG","Three-headed_wolf_running_202608150833.jpeg","image/jpeg","786680","Common",""
"0190","14S7HJt3zhl12tJFL7h4Eii-9Vm3QZxhx","Mother_carrying_newborn_by_river_202608101042.jpeg","image/jpeg","850774","Common",""
"0191","14tJZTc8DXjxIDUvTUOsqsQeeSKLTmU2-","Lance_and_shield_on_hill_202608150840.jpeg","image/jpeg","1012069","Common",""
"0192","14TzfDuUxTzdr9C0t9-MbV3dRgo2LFvxK","Man_looking_through_telescope_202608150837.jpeg","image/jpeg","946938","Common",""
"0193","14uw5lgWXER1wA5Hm1WdwvvMY6-6ycqtX","Hand_holding_glowing_obsidian_key_202608150842.jpeg","image/jpeg","725051","Common",""
"0194","14v_6x2I9U0ie96CRv3eKoKEqBkXK3Pr6","Wolf_pack_facing_spirit_wolf_202608101047.jpeg","image/jpeg","899024","Common",""
"0195","14Xk1diArmWwBwe_prdeWILQlTqgdZRJH","Three-headed_wolf_running_throug…_202608150835_2.jpeg","image/jpeg","772485","Common",""
"0196","15_iDVaoiIn_GCwVni1OvVEPGy7bEdqbd","Three-headed_wolf_emerging_from_fog_202608150833.jpeg","image/jpeg","699945","Common",""
"0197","151Blj6fBsMQoACzRJYvnA49EfvMmw1B0","Thrinwulf_leaping_across_waterfall_202608150840.jpeg","image/jpeg","879168","Common",""
"0198","152m_I04UIWs4v5wfd5S2_dz_2DckEg2B","Earth_Giant_raising_massive_fist_202608150842.jpeg","image/jpeg","942444","Common",""
"0199","153w39CmQAMZGwaWgzoP7bPV2GPA63QzC","Stone_path_entering_cosmic_ocean_202608150837.jpeg","image/jpeg","972500","Common",""
"0200","1547gG62EshmRlHaLwQtaZX8LGE2fAnWw","Three_headed_wolf_howling_202608101047.jpeg","image/jpeg","898081","Common",""
"0201","156HrdC0Dg5-A2yVlsbG7BV8QaU9WLeB3","Energy_streams_shooting_into_sky_202608150832.jpeg","image/jpeg","1070876","Common",""
"0202","158p6m55ncqGvLuaA-RtFLY-wrJzATUQq","Fog_rolling_over_brick_house_202608150836.jpeg","image/jpeg","907330","Common",""
"0203","159NZbeOSx63RaBHXO0sewgnNz-6Q_zUt","Boy_standing_in_river_mist_202608101047.jpeg","image/jpeg","784835","Common",""
"0204","15a2ihdlxeSkuqbu7lAgKiA9AcsugdGci","Three-headed_wolf_running_with_pack_202608150842.jpeg","image/jpeg","1014169","Common",""
"0205","15BRmwM7c50tYcEmzudyLmL8Bfsusu7_x","Thrinwulf_running_with_wolves_we…_202608150840.jpeg","image/jpeg","927223","Common",""
"0206","15BXXTJ628GlbFAKJ5bcfvJSnPmEhsQvn","Nicolas_looking_into_glowing_well_202608150840.jpeg","image/jpeg","790561","Common",""
"0207","15bYPYLk_WKFO1ErI4iRKYyCDbQRLJ_iK","Three-headed_wolf_running_in_mist_202608150831.jpeg","image/jpeg","869024","Common",""
"0208","15CBw4kpYy9oy3q5cCoGLLEInPANr_Dkm","Po_River_Delta_flowing_into_202608150835.jpeg","image/jpeg","958073","Common",""
"0209","15d_wAGniNwQSkvKV2r-7-Nz_K5zx8dxK","Three-headed_wolf_howling_in_mist_202608150830_3.jpeg","image/jpeg","783636","Common",""
"0210","15ezbPX2fBkxElvVScTc-JukT4MTENKe-","Three-headed_wolf_walking_in_water_202608150841_2.jpeg","image/jpeg","807003","Common",""
"0211","15h39WaPo-2vuM2Df1hK_XWu4J9SYcvyC","Three-headed_wolf_running_in_temple_202608150837.jpeg","image/jpeg","787989","Common",""
"0212","15HMGLzUNAQqxIKCCGy93_iV9PVwPKXtI","Companions_sitting_around_fireplace_202608150835.jpeg","image/jpeg","899256","Common",""
"0213","15i9T8SgytYzxtPs-eQ4JdskfJy3JQ-ze","Man_sitting_on_boat_deck_202608150840.jpeg","image/jpeg","979109","Common",""
"0214","15IghbWtdanOwMt14XlppUARb2fe9bCvW","Three-headed_wolf_emerging_from_fog_202608150837_4.jpeg","image/jpeg","785978","Common",""
"0215","15J_F5IM-5W3q7tbqUsN549zc3mbNKJm7","Glowing_runic_circle_on_floor_202608150845.jpeg","image/jpeg","863641","Common",""
"0216","15jFPve52tKiUhbLj-AhdOXwMzXLsi51b","Three-headed_wolf_ready_for_battle_202608150831.jpeg","image/jpeg","1004641","Common",""
"0217","15kCTQ1Zf4N3-HygswWMoKyto5F-2Q_WT","Sorrowful_character_in_rain_shower_202608150841.jpeg","image/jpeg","897978","Common",""
"0218","15KMrsKJkSe0pfK2LAhxhVWuV7FNgm6Ps","Golden_energy_glowing_on_roots_202608150836.jpeg","image/jpeg","1037455","Common",""
"0219","15kSeQcFjCsPY_QlSBOFwjt-JcjqggMpn","Three-headed_wolf_standing_dominant_202608150836_2.jpeg","image/jpeg","860551","Common",""
"0220","15KsrqwlP_SEp5wWz5xlUJhM5tf1Xi23t","Wooden_boat_in_foggy_reeds_202608150831.jpeg","image/jpeg","901528","Common",""
"0221","15OZF8howBnxiXIWk0Cg3EYPmFHVo2AmC","Nicolas_standing_on_wooden_emban…_202608150834.jpeg","image/jpeg","1046262","Common",""
"0222","15PnvghaJ7vpKJg_3l36_OM2eDWJ2Rp3L","Three-headed_wolf_running_river_…_202608150834.jpeg","image/jpeg","728827","Common",""
"0223","15qdgqgMK7XQXo-tEh7FvclXr8fSUC-Rx","Noemi_healing_wounded_Nicolas_202608150830.jpeg","image/jpeg","902626","Common",""
"0224","15qH20JIlazxy1gpfAHUsV8NxXdXeN7wY","Hand_polishing_silver_wolf_amulet_202608150846.jpeg","image/jpeg","754095","Common",""
"0225","15tJsIwi0tZMtrY3iifIo9ZCIZpWeyqs5","Three-headed_wolf_standing_in_ruins_202608150833.jpeg","image/jpeg","777522","Common",""
"0226","15VK6rLwoDzmUHaMCSbNEFvx_nw2VpCSm","Three-headed_wolf_standing_in_mud_202608150830_2.jpeg","image/jpeg","699366","Common",""
"0227","15vOPeUYRqdfQxZHiLxWtLeG4TS1l7R-S","Three_headed_wolf_ready_for_202608150836.jpeg","image/jpeg","718262","Common",""
"0228","15vQA36fiCu5Yjl0tBocv7VUUfGyv1P4J","Lance_and_shield_on_hill_202608150832.jpeg","image/jpeg","1009767","Common",""
"0229","15xI7HOLY08Eehw_1DztBq8gm3FWFObCY","Three-headed_wolf_walking_throug…_202608150846_6.jpeg","image/jpeg","752627","Common",""
"0230","15YQcwpYEr8jF9g8_xp466ytmcfk7IcvL","Shield_of_Water_floating_above_202608150835.jpeg","image/jpeg","870132","Common",""
"0231","16__lR34Kbgp6WYm4r44o2jQEUt_k-vdD","Volcanic_lance_piercing_obsidian…_202608150846.jpeg","image/jpeg","819129","Common",""
"0232","16_eyZ11ZhUW8MLiHHjvgfk_h7TklJzse","Stone_pillar_reflecting_cosmic_dawn_202608150833.jpeg","image/jpeg","836056","Common",""
"0233","164Ag5x1KiIbqgFJ3yPAMchI4dIpHYgG_","Cosmic_nebula_reflecting_in_water_202608150836.jpeg","image/jpeg","779157","Common",""
"0234","1674G9pzybOomYNNymK5sajTDHRWaKQ5u","Three-headed_wolf_running_throug…_202608150843_2.jpeg","image/jpeg","911410","Common",""
"0235","167FPVsL8G0rdG5JczZ3KCR-9G1g-Zoh6","Three-headed_wolf_running_in_mist_202608150839_2.jpeg","image/jpeg","834727","Common",""
"0236","168PdnhjxZxks0UvirNFIzyCb1RMlifE0","Three-headed_wolf_howling_202608150830.jpeg","image/jpeg","645312","Common",""
"0237","1696wieQSsgBCN3XUg_ICmuxxEL_d3AkU","Three-headed_wolf_running_in_marsh_202608150836.jpeg","image/jpeg","704379","Common",""
"0238","169CNYi9hzIq8cu0dJunb7wo1x9U8ZgKT","Man_and_girl_placing_offering_202608101042.jpeg","image/jpeg","855485","Common",""
"0239","16Af1_3wLaYbwMnbHRCdcWqJzWJGzCMLO","Thrinwulf_sleeping_under_tree_202608150841.jpeg","image/jpeg","1023519","Common",""
"0240","16AY7OB-TofAdA_2J2bbq8zTlC6bNif8U","Smoke_rising_from_rusted_machinery_202608150831.jpeg","image/jpeg","842862","Common",""
"0241","16CsBenOtDqO5BXyMuSRRPGeEPFW4zXio","Three-headed_wolf_ready_for_battle_202608150845_4.jpeg","image/jpeg","770934","Common",""
"0242","16dQU9zJDVbLFKcRonUSvK16O89Nb3EZO","Boat_passing_beneath_stone_archway_202608150830.jpeg","image/jpeg","912306","Common",""
"0243","16E3rjk0XESjB-ZZXQv2H8aGFMGrIIQL8","Three-headed_wolf_walking_throug…_202608150837.jpeg","image/jpeg","812171","Common",""
"0244","16ELPA3XaGZab4Da_cYTyDdMczJiNZjqt","Three_headed_wolf_in_temple_202608150846.jpeg","image/jpeg","865009","Common",""
"0245","16h5JZCh_SgQrX_2ptyW6Tx_OcnuFPtE4","Stone_altar_in_marshland_202608150834.jpeg","image/jpeg","939598","Common",""
"0246","16jBVVqhMNgLko1mvyC9FWh4_inUhsjzV","Bronze_key_on_weathered_wood_202608150832.jpeg","image/jpeg","860737","Common",""
"0247","16jffPdkoznhdMb264fxuJBoYCAG7a8HJ","Three-headed_wolf_ready_for_battle_202608150836.jpeg","image/jpeg","783528","Common",""
"0248","16Kg_s5-mcID3uM410U7MUogCBxJjILxJ","Giant_wolf_standing_on_sandbank_202608150831.jpeg","image/jpeg","794375","Common",""
"0249","16KMmH2Id5vQUfpZl8zR_COqycuJCDbYw","Three-headed_wolf_emerging_from_fog_202608150830_4.jpeg","image/jpeg","690970","Common",""
"0250","16kX7pXCOUOAcdNAYdCnA2r2Bbcuejp9D","Three-headed_wolf_ready_for_battle_202608150841.jpeg","image/jpeg","787519","Common",""
"0251","16L9fHMvIm6eRtgeQAmFMcWkdOQVgf4yX","Villagers_kneeling_before_giant_…_202608101043.jpeg","image/jpeg","927781","Common",""
"0252","16lhe7vtYp8Y-cL4py_xFOTIZUxzUX2n0","Stone_carving_of_intertwined_wolves_202608150836.jpeg","image/jpeg","952742","Common",""
"0253","16NknRV6RUqbOBy92cGuiROvPiMeLQZkQ","Massive_paw_print_in_mud_202608101042.jpeg","image/jpeg","829115","Common",""
"0254","16pEtYEbfpfK6lLWEZIsqOoT-9XDWa5j8","Characters_pulling_boat_onto_san…_202608150841.jpeg","image/jpeg","926838","Common",""
"0255","16pOSCTcHSbzzUqOiDFXf8zA9tnA_mW5b","Figure_gazing_at_river_delta_202608101045.jpeg","image/jpeg","928281","Common",""
"0256","16q-ZnaT9CAkjH6nqw5tA5jR8p98HgYX6","Black_wolves_running_across_snow_202608150832.jpeg","image/jpeg","845070","Common",""
"0257","16q85Mszc5_PvhT7AXjiykYzqaa-bPpza","Stone_path_leading_to_ocean_202608150838.jpeg","image/jpeg","901544","Common",""
"0258","16QcPW4bZGjKLEbPbshEqx6mhEWDcy06y","Earth_giant_raising_stone_fist_202608150831.jpeg","image/jpeg","958329","Common",""
"0259","16QG8u_rUMxcl67_2FQYkDbGSeqRpi9ep","Man_with_determined_gaze_portrait_202608150836.jpeg","image/jpeg","851189","Common",""
"0260","16rA7Rlgs3xtpZmiouqIWt6XlZ8ckmFSp","Volcanic_cracks_oozing_molten_gold_202608150846.jpeg","image/jpeg","964534","Common",""
"0261","16ric9M16EDI9cLCHmeq60CVqrO-VXD0R","Weapons_planted_on_grassy_hilltop_202608150837.jpeg","image/jpeg","1161160","Common",""
"0262","16RLlxJ25xgQSYthvaUsydzhTO-3pfGmK","Three-headed_wolf_walking_in_water_202608150831_2.jpeg","image/jpeg","770413","Common",""
"0263","16RoLLOMY58ZmLi6d52exLKxRBwV51CMT","Three-headed_wolf_howling_202608150835.jpeg","image/jpeg","696745","Common",""
"0264","16w1eAB9z6vtVPWffBuUMfOJcIiZR3WEM","Man_sitting_on_boat_deck_202608150834.jpeg","image/jpeg","946496","Common",""
"0265","16XB5BsQP9vmWM8MGjVrrWl-mDDVoK8j9","Three-headed_wolf_howling_202608150845.jpeg","image/jpeg","716537","Common",""
"0266","16YBO2-Pw74X3ykgtcaHBliIEu8aaYBOa","Three_headed_wolf_emerging_from_202608150846.jpeg","image/jpeg","689874","Common",""
"0267","17_lwfHurHx3p2csWWxudOeK8KIOCLDFH","Three-headed_wolf_walking_throug…_202608150831_2.jpeg","image/jpeg","831910","Common",""
"0268","17_TWDNFifXkG5QLWwZml-TbAVwAW0S24","Lance_and_shield_on_altar_202608150844.jpeg","image/jpeg","955266","Common",""
"0269","170JLXLTPXTWPmIbWZS13_iuwYvrnAu6B","Po_River_flowing_into_sea_202608150840.jpeg","image/jpeg","1031269","Common",""
"0270","171zo_i2RwkhcH0b2gzwBJfZl9wGduvFm","Three-headed_wolf_standing_in_river_202608150836.jpeg","image/jpeg","691364","Common",""
"0271","176xHXxsG-2tXkMVRmgPAjNgky9psiq_y","Three-headed_wolf_ready_for_battle_202608150846_2.jpeg","image/jpeg","855925","Common",""
"0272","179JF1hpFsMteqs8nDW_AySFmH2yfvWjx","Illuminated_portrait_in_ornate_f…_202608150842.jpeg","image/jpeg","767490","Common",""
"0273","179m6gDKt7D-o5NyHm4H2ISQRi-v_ymWo","Emerald_runic_circle_on_stone_202608150846.jpeg","image/jpeg","933134","Common",""
"0274","17Cmog44wzC052ac-unhwrDA54Kj59QzD","Three-headed_wolf_emerging_from_fog_202608150832_3.jpeg","image/jpeg","769187","Common",""
"0275","17CtNsPDHr7mqhCvnyWguws8gBZXGlYHb","Three-headed_wolf_howling_mist_202608150830.jpeg","image/jpeg","829999","Common",""
"0276","17eUVtiOVeOZDmRCH9Ha2qEy7lX2IoVLG","Blue_eyes_reflecting_cosmic_horizon_202608150841.jpeg","image/jpeg","662373","Common",""
"0277","17FBBYlFNwmUuI1FCSgRQ3o8ONtKmIbPt","Wolf_pup_wanders_through_reeds_202608101047.jpeg","image/jpeg","869341","Common",""
"0278","17g2_v6K6d5rDkpEBHDNe03k06VzOoNY3","Thrinwulf_standing_on_stone_path_202608150844.jpeg","image/jpeg","904467","Common",""
"0279","17hDjHxKoLtakHQNT_55YvAOk0RZv5PKw","Earth_Giant_stomping_sand_dunes_202608150834.jpeg","image/jpeg","1028629","Common",""
"0280","17hoj1tJLKVA7VSBXIpI3P0aWOWyh6j2D","Portrait_illuminated_by_blue_light_202608150841.jpeg","image/jpeg","814394","Common",""
"0281","17I1HX-Y968VI9acAM3ms5jWDQCnlsAx-","Black_wolves_running_across_snow_202608150835.jpeg","image/jpeg","923228","Common",""
"0282","17KHiBXfHPcg6bar0KEqb9wPd27hsdj_9","Three_headed_wolf_running_202608150843.jpeg","image/jpeg","722571","Common",""
"0283","17LdxMAUh2-PHlV87c2C_unDM8CWhhFFS","Three-headed_wolf_howling_in_mist_202608150833_3.jpeg","image/jpeg","747394","Common",""
"0284","17lnIAPfn1crtYWRrAamr9QIfxgQYNfKx","Floodwaters_surrounding_village_…_202608101047.jpeg","image/jpeg","747238","Common",""
"0285","17mRsviso1Y5_sVLKYCKNtf4bsa-QhCeq","Storyteller_by_campfire_with_lis…_202608101045.jpeg","image/jpeg","1031852","Common",""
"0286","17Q1I6BBqXjLsmEb3x9Gg-2VfN2Wl8Yjx","Old_man_looking_up_202608101047.jpeg","image/jpeg","815284","Common",""
"0287","17u7E0ROLTc2eqXdD-0bZwFzWCWYVsb5G","Three-headed_wolf_emerging_from_fog_202608150842_2.jpeg","image/jpeg","824662","Common",""
"0288","17V_Ek9EVQm3CeXCg4n6pQjs0b2vrD_C6","Three_wooden_boats_sailing_together_202608150842.jpeg","image/jpeg","956096","Common",""
"0289","17x_FU1LuHKQnYNWrgSdB5N4BMCILvsm8","Three-headed_wolf_emerging_from_fog_202608150839.jpeg","image/jpeg","684075","Common",""
"0290","17yXI18k6Cw0GwTwAiEuz-OPocuQaBSLX","Giant_wolf_leaping_over_delta_202608150835.jpeg","image/jpeg","957524","Common",""
"0291","17zUVl7m9XHdgPj1bvIH0QAo4W_VGYd4C","Thrinwulf_standing_in_temple_202608150834.jpeg","image/jpeg","734175","Common",""
"0292","18_jZA9sy5YVThjdh_pEpcYMQvn_zsdgz","Wooden_bridge_crossing_canal_202608150832.jpeg","image/jpeg","840536","Common",""
"0293","180Y70IrXffvyLXyV7upRlr4An8gCjUqH","Ancient_oak_tree_with_key_202608150830.jpeg","image/jpeg","840558","Common",""
"0294","1825d9jsytBpZswz6Qr_JudaXKKzqKUiK","Three-headed_wolf_walking_in_river_202608150832.jpeg","image/jpeg","717946","Common",""
"0295","182ZZAxP3otFtveOfEzu-skbewtss4tJy","Empty_boat_drifting_in_water_202608101047.jpeg","image/jpeg","735203","Common",""
"0296","1836mDXpdsWp1oWSl9awJv8F2Kk0TkOYx","Three_wooden_boats_sailing_202608150834.jpeg","image/jpeg","929232","Common",""
"0297","186_wQvEZAyIGMX-8uURvOoo8-mlOPYmj","Three-headed_wolf_in_mud_flats_202608150841.jpeg","image/jpeg","808390","Common",""
"0298","187rOs2QADjSALHUd4M6DsNkxZHY_jZJ7","Portrait_of_person_staring_at_202608150837.jpeg","image/jpeg","883421","Common",""
"0299","189UDyYOVhv2dlq2JdkemA0ur9TJT3oQF","Three-headed_wolf_walking_throug…_202608150846_4.jpeg","image/jpeg","771021","Common",""
"0300","18Ak5-vW23rMh3s69soQuqkOJPUzOpDEu","Pilgrim_poet_standing_in_fog_202608101046.jpeg","image/jpeg","566267","Common",""
"0301","18c0mzauE-CUcm7BmnUtf2udB5deWi6AH","Water_reflecting_on_temple_ruins_202608150830.jpeg","image/jpeg","847811","Common",""
"0302","18CRLThyd9Q_BGlo43llUWcFtgVrt8TxR","Crystalline_sphere_reflecting_co…_202608150845.jpeg","image/jpeg","889770","Common",""
"0303","18Dq_drd5CXfWGE_5QRkCGs-HfelWAv2O","Po_River_flowing_into_sea_202608150844.jpeg","image/jpeg","1002153","Common",""
"0304","18fEjenuppomL-7BEk6dJqmr4bC8CeXKz","Earth_Giant_raising_stone_fist_202608150830.jpeg","image/jpeg","867663","Common",""
"0305","18fwRIG7dTFKb3MrmNCt-2QEp7NPRZh1u","Flood_surging_through_stone_cloi…_202608101045.jpeg","image/jpeg","835258","Common",""
"0306","18hvaYdzpMHoObbb8GLL843nX48bNcm0G","Earth_Giant_stomping_foot_202608150832.jpeg","image/jpeg","992526","Common",""
"0307","18JYHTrHdCfQNtkrnTCYOrVT7XebXHuR0","Shield_of_Water_calming_lagoon_202608150836.jpeg","image/jpeg","796578","Common",""
"0308","18lBYI0AgHxhYbcS5IuMsETn74hKOwHzH","Three-headed_wolf_standing_in_mist_202608150841.jpeg","image/jpeg","882006","Common",""
"0309","18lLANgiOiJCFXafv_0D11JhjqAjZccbr","Wooden_boat_tied_to_pier_202608150832.jpeg","image/jpeg","980095","Common",""
"0310","18mEoH_ARS4SznmndP-YGOe_QykT37rXn","Man_sitting_on_boat_deck_202608150833.jpeg","image/jpeg","911449","Common",""
"0311","18Mm72MdSFSbLeTS0I0TbyG-51f1v5XxI","Three-headed_wolf_emerging_from_fog_202608150847.jpeg","image/jpeg","730187","Common",""
"0312","18nAY-YUZU3qUI8QZWTDQCdmxlb0IDDKL","Portrait_with_determined_gaze_202608150834.jpeg","image/jpeg","845961","Common",""
"0313","18PtKMGERxGDfBJWXcihnvlCKu_0qDa_P","Nicolas_looking_into_glowing_well_202608150833.jpeg","image/jpeg","826290","Common",""
"0314","18PYts77Vumx5jlewBAMmv9zkW2CVaGa5","Po_River_Delta_flowing_sea_202608150839_2.jpeg","image/jpeg","1058416","Common",""
"0315","18Q1Kggh5qsp1_U-tgP7-vRuExpgcLMWk","Companions_sitting_around_fireplace_202608150830.jpeg","image/jpeg","992587","Common",""
"0316","18Rigd9zjqgZAT8plqWwspgj_pbwhseZ9","Three-headed_wolf_walking_throug…_202608150831.jpeg","image/jpeg","776322","Common",""
"0317","18uD9MJEp1b_ErhPhwa1ljm5PS35FUOlO","Three-headed_wolf_walking_in_river_202608150829.jpeg","image/jpeg","704287","Common",""
"0318","18uN7BiXQLiMlD4DV3QzkaRwFMYXfkXp8","Person_staring_into_glowing_fire_202608150832_2.jpeg","image/jpeg","868384","Common",""
"0319","18xnk2tdVxlFV3pTivt4e33iD440-vQgB","Thrinwulf_standing_on_cliff_202608150835_2.jpeg","image/jpeg","934811","Common",""
"0320","18yNhSUiiWzZlUfEC-fxOXlepX_ZPZDWG","Hand_holding_glowing_obsidian_key_202608150844_2.jpeg","image/jpeg","729447","Common",""
"0321","193mKM72bYnfjmvI3md_a2zm1SHuMDWiR","Noemi_healing_wounded_Nicolas_202608150836.jpeg","image/jpeg","888634","Common",""
"0322","196kb2dmm3Fp7IDI5QurCvfpjFHb-sxnY","Blue_eyes_reflecting_cosmic_horizon_202608150836.jpeg","image/jpeg","722991","Common",""
"0323","19dz0rYl6a8xUPXG4FBmUtXj9RP9gVT3m","Water_shield_blocking_mud_202608150832.jpeg","image/jpeg","856489","Common",""
"0324","19e9xASfYRfA_sdW30-iPJU6ctAQrfGWu","Silver_key_on_dark_velvet_202608150839.jpeg","image/jpeg","740529","Common",""
"0325","19effLw6W_yTGwVSiSLsDO_hTaHmrGJei","Portrait_of_man_with_determined_202608150835_2.jpeg","image/jpeg","800760","Common",""
"0326","19fZULik4u2u-_mHmqr-V4ehAkdqrluPF","Three-headed_wolf_running_throug…_202608150843.jpeg","image/jpeg","732829","Common",""
"0327","19HAiMha2DMkmBhni-ztZZU8kNmZcYjwG","Noemi_gazing_at_river_horizon_202608150840.jpeg","image/jpeg","951211","Common",""
"0328","19hSDwiN1f8T89xeNR4QY_hJO3KKnSqXW","Leather_map_on_wooden_table_202608150834.jpeg","image/jpeg","866183","Common",""
"0329","19kTL2b2_N3vcLGKfx68xnxpK15nVcnZd","Stone_path_leading_into_ocean_202608150838.jpeg","image/jpeg","889157","Common",""
"0330","19mlni0BIxAPVAncpleajnAcV9U36O5UW","Glowing_particles_rising_from_la…_202608150846.jpeg","image/jpeg","707417","Common",""
"0331","19NS9V5ROdBErToPRvGuYKFUObOeW9Zc2","Three-headed_wolf_emerging_from_fog_202608150834.jpeg","image/jpeg","759116","Common",""
"0332","19O9FKmxyvDjQuBrTpNHGEYDbjcKVSSlb","Three-headed_wolf_walking_throug…_202608150839_2.jpeg","image/jpeg","822322","Common",""
"0333","19ohLHMavkRj29uSFgEE753SoysfQiJUu","Three-headed_wolf_ready_for_battle_202608150830_4.jpeg","image/jpeg","903506","Common",""
"0334","19OriOy0Q06p6B2CZ4WzgX3-jOE3KuoZ4","Silver_wolf_medallion_in_swamp_202608150843_2.jpeg","image/jpeg","879783","Common",""
"0335","19oYljsxeO876EMTS2rgYaMr0hM_MDUwQ","Earth_giant_walking_through_valley_202608150840.jpeg","image/jpeg","970418","Common",""
"0336","19PJTym3yAOvi9L-oV87psXH9L1yo6Kwf","Sisters_transforming_into_poplar…_202608101044_2.jpeg","image/jpeg","859627","Common",""
"0337","19SCiMzkIRqb_DFUwITpBGaizvgFv58bZ","Fisherman_standing_on_wooden_boat_202608101043.jpeg","image/jpeg","931741","Common",""
"0338","19szN2RzGzMn6aWZt94zn3lDxqz91FJ6q","Metallic_debris_glowing_on_sandbank_202608150839.jpeg","image/jpeg","828479","Common",""
"0339","19tgggQmrGqO8v7XWPO36UTowMT_Vfab0","Silver_wolf_medallion_in_swamp_202608150843_3.jpeg","image/jpeg","928453","Common",""
"0340","19unLwGWz-jDZ1fKvkQYF6ZlSzjYe45fM","River_twisting_through_delta_trees_202608150839.jpeg","image/jpeg","916898","Common",""
"0341","19VGe2aPyOJwcOlthXyWOA_uMqu9f3qzt","Earth_giant_stomping_foot_202608150836.jpeg","image/jpeg","977543","Common",""
"0342","19VVDrSaymMo6ajxJTAzXET2HpwOH0kgT","Earth_hands_cradle_glowing_lance_202608150846.jpeg","image/jpeg","956517","Common",""
"0343","19W-MOBsb2G0HmVVS26tP8CCX2znZQ2Tt","Three-headed_wolf_ready_for_battle_202608150835.jpeg","image/jpeg","814152","Common",""
"0344","19WcmPgy1sz4xWEzQKLP77RP1YEum2pgB","Ancient_boat_at_stone_pier_202608150833.jpeg","image/jpeg","975680","Common",""
"0345","1a-xxCT5aYLm2e80MQYrczHhNIkKm0CZH","Ancient_wooden_boat_at_pier_202608150833.jpeg","image/jpeg","857306","Common",""
"0346","1a1lyoU5yt0wTcaCP0Z1zXYZSWSHapn3b","Boat_passing_beneath_stone_bridge_202608150836.jpeg","image/jpeg","1033434","Common",""
"0347","1A352bRrDvUwtTAcItfNoPDggjIYpuMLu","Noemi_healing_wounded_Nicolas_202608150836_2.jpeg","image/jpeg","883323","Common",""
"0348","1A6HWdD-CJjSLi5u98GjHTda23xAG6V8T","Nicolas_fighting_enemies_in_fire_202608150836.jpeg","image/jpeg","1008967","Common",""
"0349","1a6Ol_TehsugpwstSJd2VZlPjOdv3jl9B","Three-headed_wolf_walking_throug…_202608150839.jpeg","image/jpeg","724511","Common",""
"0350","1A6qK6EdBX8PSvgRzQkaOJcqLVYxZLPcX","Three-headed_wolf_howling_in_fog_202608150844.jpeg","image/jpeg","783105","Common",""
"0351","1a6rb0_G7F6CelvyDDBU-GjAnjHALd5I_","Glowing_tree_roots_on_island_202608150846.jpeg","image/jpeg","869195","Common",""
"0352","1A7n9DtZMDOifRLXOfEXQXsMN3L29hK5X","Hand_wrapping_wooden_compass_202608150833.jpeg","image/jpeg","831901","Common",""
"0353","1AA_A3Flkn11JnU-zq3KLNUPSCcD-GJwa","Cyan_particles_rising_from_lagoon_202608150838_2.jpeg","image/jpeg","787194","Common",""
"0354","1aa1pJKEWpDIt3lWIZboYrsfd6YqFb9Lh","Shadow_forming_among_poplar_trunks_202608101044.jpeg","image/jpeg","749522","Common",""
"0355","1AA2H190T9orW9CBZR6n9q3ZRcA_q6pBb","Three-headed_wolf_in_temple_202608150834.jpeg","image/jpeg","845980","Common",""
"0356","1Aa3VC_xb2PxyHVBMP6BpUlGEKvJiSIz9","Three-headed_wolf_ready_for_battle_202608150831_3.jpeg","image/jpeg","767615","Common",""
"0357","1aa4WBKff9ZggN1365G4-AXLWLjJhMcJt","Swimmer_descending_into_aquatic_…_202608150840.jpeg","image/jpeg","808033","Common",""
"0358","1AB5FiwtvI6yprZ8dTUg77amR-5EeiH-j","Thrinwulfs_Hunger_lunging_over_w…_202608101042.jpeg","image/jpeg","817131","Common",""
"0359","1abQeqJcH0rKaqYJjtpLW-Q3Eh_qc8F1A","Women_singing_in_flooded_fields_202608101042.jpeg","image/jpeg","779377","Common",""
"0360","1Ac5oZ0fguWdlZImvXT3ZvU93_TTM2Wf8","Villagers_watching_approaching_s…_202608101044.jpeg","image/jpeg","786595","Common",""
"0361","1acK2Bk2GJUMhVlOm9Tr4jq-hexuPvcwx","Searchlights_scanning_desolate_m…_202608150838.jpeg","image/jpeg","813559","Common",""
"0362","1aCnjz5qkNyObQGc4nlANtOWAaSEIBPiW","Three-headed_creature_blazing_wi…_202608101045.jpeg","image/jpeg","851335","Common",""
"0363","1adYrhqBCif3EvJbKwM8n9jnNT6Q56g1x","Thrinwulf_sleeping_under_tree_202608150832.jpeg","image/jpeg","1071415","Common",""
"0364","1AeSo2ThCw2yR2RGiEt9FKoilF6E6cDBa","Three-headed_wolf_running_river_…_202608150832.jpeg","image/jpeg","843166","Common",""
"0365","1af_9WNFDLNHVoentZUzPuKunYoOX_8rq","Pilgrim_poet_walking_among_trees_202608101046.jpeg","image/jpeg","785150","Common",""
"0366","1AFoC_pupZOIaHc5Wv-7DM2Qr3aFUan9Z","Companions_gathered_around_map_boat_202608150831.jpeg","image/jpeg","927190","Common",""
"0367","1aFvYP63TISSIz2b4rB5NrgN3kTEzGNW0","Golden_energy_streams_shooting_u…_202608150838.jpeg","image/jpeg","995538","Common",""
"0368","1ah2TtJQgB7krhMyE-bHahB7753dtHBNb","Person_standing_on_wooden_embank…_202608150846.jpeg","image/jpeg","970096","Common",""
"0369","1ahNSn-zdW1PXcTVTa2u_lItDQzbM-TZR","Three-headed_wolf_looking_at_camera_202608150838.jpeg","image/jpeg","913891","Common",""
"0370","1AHrGAqQvzxgs5ERNmrEscngdN-W9-1_E","Water_ripples_shaping_around_boat_202608150845.jpeg","image/jpeg","844880","Common",""
"0371","1AHScsnBXucZNvpUrCQIGJ4wKjWbtI0i1","Three-headed_wolf_standing_dominant_202608150830.jpeg","image/jpeg","821573","Common",""
"0372","1ahWVxfw_AdClYfQN2GX-bJwqdYcMbPTx","Rusted_mechanical_arm_in_canal_202608150846.jpeg","image/jpeg","913153","Common",""
"0373","1aivwgtl9-dEHquPKadM5XDGP0aT9WW92","Rusted_gate_blocking_misty_path_202608150840.jpeg","image/jpeg","970091","Common",""
"0374","1AJZ0dmh1UWgnwSAAbCcj9Uv42FsR2zr-","Stone_staircase_leading_into_mau…_202608150834_2.jpeg","image/jpeg","868255","Common",""
"0375","1aK-sbaNTDUt-RleuPlwmMOv-GmprS1VX","Spirit_wolf_lifts_stranded_villager_202608101043.jpeg","image/jpeg","830919","Common",""
"0376","1AkkxZ2Fx68ZiIuHdrT2TRytM2A7k8F8Z","Noemi_staring_at_river_horizon_202608150835.jpeg","image/jpeg","985795","Common",""
"0377","1akm1Jsbt_tgOeKroZg_EiFkQ8wjhRWwm","Sunrise_over_Po_River_Delta_202608150832.jpeg","image/jpeg","955682","Common",""
"0378","1AkM4ib3qWrzWB0_ES5RUCdX75bT510-3","Villagers_sitting_in_hut_202608101042.jpeg","image/jpeg","886983","Common",""
"0379","1aKpiuRem1DsxUC-Xbj7-z1DsXYxXHoCn","Warrior_looking_at_map_202608150839.jpeg","image/jpeg","890946","Common",""
"0380","1ALjlZ4vwurxwL0CR_6QQbrawbTnvTrdy","Village_huts_under_starry_sky_202608101042.jpeg","image/jpeg","783524","Common",""
"0381","1ALRF7UE0WZDYjVoALP6-5plQPnD-2OUV","Three-headed_wolf_swimming_in_vi…_202608101043.jpeg","image/jpeg","824323","Common",""
"0382","1AmIO88P9H4-kv1WlanfR1oDHe3TE-SVk","Thrinwulf_standing_on_sandbank_202608150830.jpeg","image/jpeg","865483","Common",""
"0383","1aMiQ_cqRmfj3zARHxTLbPM_hKPHR47sz","Three-headed_wolf_running_throug…_202608150832_3.jpeg","image/jpeg","920896","Common",""
"0384","1AMxbS_uf8sah2pDqFOtVJ2CWoun5UBGK","Three-headed_wolf_in_abandoned_v…_202608150839.jpeg","image/jpeg","770816","Common",""
"0385","1aMXPT9A8ZkkfeoaAGb9cVabUCubgKaVI","Three-headed_wolf_walking_throug…_202608150836.jpeg","image/jpeg","752967","Common",""
"0386","1AnwtpoR9X0vRu8G_I_H5th5BX2hUq-X3","Black_smoke_rising_from_machinery_202608150844.jpeg","image/jpeg","871928","Common",""
"0387","1AOJFLaAKKxe3qK318PlzDz5jeYApuDqA","Earth_Giant_stomping_dunes_202608150844.jpeg","image/jpeg","969043","Common",""
"0388","1aqX5dxfS63EtcNPrDXaD-ZxLG6qXSTN4","Woman_staring_into_fire_202608150838.jpeg","image/jpeg","973405","Common",""
"0389","1ArcoqoCt9xwuKyYE92Ly3fAj_B8ag1s7","Thrinwulf_standing_on_sandbank_202608150833_2.jpeg","image/jpeg","1007067","Common",""
"0390","1ASDltxrWWbQk40abvMpq43_QJWIiZIxX","Lance_and_shield_on_hill_202608150834_3.jpeg","image/jpeg","915753","Common",""
"0391","1asy84v1bwIR-sgm0Al_p1wJ2-dAgAiIH","Three_headed_wolf_walking_water_202608150839.jpeg","image/jpeg","715412","Common",""
"0392","1atiOWKlV7eb_ib60zDuI4--KeJizmg58","Thrinwulf_standing_on_sandbank_202608150840.jpeg","image/jpeg","913913","Common",""
"0393","1aTOlF5zms_Udi3s6SUqKhOeMnv4ft8i5","Thrinwulf_running_with_wolves_202608150838_2.jpeg","image/jpeg","987060","Common",""
"0394","1atYlz8ZWWgLC9jbKBKvYUIpszj0v5YnR","Water_caustics_on_stone_ruins_202608150838.jpeg","image/jpeg","886493","Common",""
"0395","1AVyY0dWZSIaD1M-m43_JVdn4LNIvIyRD","Pilgrim_poet_walks_with_dog_202608101046.jpeg","image/jpeg","782969","Common",""
"0396","1aVZkCWprp7VzNBHIWFazJnrHaDuvfRM5","Earth_Giant_stomping_sand_dunes_202608150833.jpeg","image/jpeg","929511","Common",""
"0397","1AwE8I2NBM4D1p-umGFDNtuCbiG9X6IHb","Three-headed_wolf_walking_in_river_202608150837.jpeg","image/jpeg","904802","Common",""
"0398","1awSsKUWXuy_T5lwSe9onbjtjCj6FpUwG","Medieval_abbey_in_river_marshlands_202608101046.jpeg","image/jpeg","753137","Common",""
"0399","1ayCAhX0Myxmn5_Owc7nOCq8bY7hp1dzT","Three-headed_wolf_emerging_from_fog_202608150829.jpeg","image/jpeg","724458","Common",""
"0400","1Ayg2wJGowS5UYKfJWsNpaSbwWByYfG4x","Portrait_illuminated_by_blue_light_202608150833.jpeg","image/jpeg","856297","Common",""
"0401","1aYP7RyXaJs01NBoT0myA0MlTZeI8LbNR","Water_caustics_on_stone_ruins_202608150834.jpeg","image/jpeg","850055","Common",""
"0402","1az92466eqC7jxmgctMu0GXrwPgOmki52","Three-headed_wolf_emerging_from_fog_202608150836_3.jpeg","image/jpeg","818409","Common",""
"0403","1b-WP_vrXmZAceew-0u0zhSInYfJMrwVW","Three-headed_wolf_ready_for_battle_202608150842_2.jpeg","image/jpeg","793141","Common",""
"0404","1B14dt0jC-Yxt64vVKnn8bZApQm9MhwVX","Three-headed_wolf_standing_in_river_202608150846.jpeg","image/jpeg","844049","Common",""
"0405","1B3E3oh_zRTQOhRI0yY_ZJ5ujsVXhI6XZ","Water_sphere_reflecting_cosmic_n…_202608150836_3.jpeg","image/jpeg","917133","Common",""
"0406","1b5doNyZG7lqU5_NfiTuwf2XrDi26d04S","Companions_sharing_meal_in_shelter_202608150832_2.jpeg","image/jpeg","960192","Common",""
"0407","1B7fMb1LVpy9wctnIFZSMjAOOMgIJlY_o","Wolf_paw_touching_electrified_water_202608150839.jpeg","image/jpeg","728008","Common",""
"0408","1b9QvfJG3gOkJnv37k66EaTjIg8gJ-Mpc","Golden_roots_on_sandy_island_202608150836_2.jpeg","image/jpeg","984517","Common",""
"0409","1BaEhX4ilB3XxkFgFw5d6DjOiyXVB-gj3","Searchlights_scanning_dark_marsh…_202608150834.jpeg","image/jpeg","795826","Common",""
"0410","1bahHZCR_zYJVtKz6c6F_UgxCH1JyItiq","Thrinwulf_standing_at_river_mouth_202608101045.jpeg","image/jpeg","918112","Common",""
"0411","1BAIAH4-83Huf9AqLVExwPP82w2N7sqZ_","Oak_roots_glowing_on_island_202608150841.jpeg","image/jpeg","909098","Common",""
"0412","1bb3oO2k16VdRlmVXWiaGxfOjSpw4fTKu","Women_working_in_water_fields_202608101045.jpeg","image/jpeg","957643","Common",""
"0413","1BbL02BxX_mKGDUmC9npO6wHhgrSMU_kT","Three-headed_wolf_ready_for_battle_202608150832.jpeg","image/jpeg","864526","Common",""
"0414","1BCf8_I_HmOxufM-4JpN_BmHMv_TG9auA","Mechanical_arm_in_canal_202608150835.jpeg","image/jpeg","913885","Common",""
"0415","1BCmN9ax0q-K3nFqeQ9AE-xokhoWj4ZZN","Fisherman_and_poet_in_boat_202608101046.jpeg","image/jpeg","812349","Common",""
"0416","1bCnh4oceIiejcFWKK-BFTNBPUpqTfppJ","Crystalline_sphere_reflecting_co…_202608150838.jpeg","image/jpeg","796387","Common",""
"0417","1Bcs7NQYgI_11BFjD3y1zrJx4NxwRPrs5","Three-headed_wolf_running_in_mist_202608150839.jpeg","image/jpeg","807997","Common",""
"0418","1beIKBIJ0eTIVaRAdksgMoO7H5XubDmys","Companions_holding_hands_around_…_202608150840.jpeg","image/jpeg","981424","Common",""
"0419","1bfbmEIo6Q3LMDuez0EtsitACuhClzrIY","Three-headed_wolf_howling_in_mist_202608150836.jpeg","image/jpeg","700533","Common",""
"0420","1bFIiNQ0ZzVkHDfkIh8iYG8jbP1vZxn6u","Three-headed_wolf_running_throug…_202608150838.jpeg","image/jpeg","723120","Common",""
"0421","1bfqOlFxMkRbxBzpQVosXiLb91-9xwnRS","Companions_holding_glowing_lante…_202608150841.jpeg","image/jpeg","914415","Common",""
"0422","1bgLrVo1rSs3-6wBh3823D8VzXmew2do_","Three_headed_wolf_ready_for_202608150838.jpeg","image/jpeg","695293","Common",""
"0423","1BGxCS86u9f02vl7dagJ2L8Uiw_0Oy5Gy","Three_headed_wolf_ready_for_202608150834.jpeg","image/jpeg","865075","Common",""
"0424","1bh-YVzUj786kJZu2yYrJHahnkyHLtroa","LOGO_DR_Corona_ok.png_202608150829.jpeg","image/jpeg","134096","Common",""
"0425","1Biv2d4cBlbHCo1o7_7uFyjFyEZ1N75uA","Three_headed_wolf_looking_forward_202608150830_4.jpeg","image/jpeg","805122","Common",""
"0426","1bIw8TU-Pvnnq1WdifIpkdqmlUZXqXajk","Carved_stone_marker_on_embankment_202608150839.jpeg","image/jpeg","924318","Common",""
"0427","1bizq4xfk5Xt76--woSNfPJtpX3ZKQAZK","Lightning_striking_ancient_stone…_202608150836.jpeg","image/jpeg","661866","Common",""
"0428","1bjIjVrEhWhC0U5gxjF2wujYNgrwbaBSX","Villagers_carrying_lanterns_alon…_202608101044.jpeg","image/jpeg","789322","Common",""
"0429","1BKhObHelD60z4EU7p2_YAhw3uGEshRDm","Solitary_wolves_wandering_river_…_202608101045.jpeg","image/jpeg","885306","Common",""
"0430","1BLdRvtTWSuB2PGkug2WgKVC_Bah2wiSP","Wolf_spirit_gazing_toward_river_202608101042.jpeg","image/jpeg","816642","Common",""
"0431","1bLHRvY59FCKyFcJcikIDw5AfLYB-bb0C","Water_caustics_on_stone_ruins_202608150846.jpeg","image/jpeg","1039661","Common",""
"0432","1BlIWNBlw45jv8Hmreryq0fwL0pDAb0Z4","Three-headed_wolf_in_mud_flats_202608150847.jpeg","image/jpeg","856195","Common",""
"0433","1BmkW48DS5V_TNXbhpO_7TrcF02r5pToI","Three-headed_creature_among_floa…_202608101042.jpeg","image/jpeg","934993","Common",""
"0434","1bMOujVW_zR1tr90clGWsVCxYRnA1TJ8L","Portrait_of_person_with_light_202608150846.jpeg","image/jpeg","958179","Common",""
"0435","1bNf9ddYMMwPtO8dzIvDs4s2biaACafyK","Three-headed_wolf_howling_202608150833.jpeg","image/jpeg","764249","Common",""
"0436","1BnQY_bIJ00R0uCM4rdy5pxi_Q5MFVqaD","Survivors_leaving_ruined_village_202608101042.jpeg","image/jpeg","876724","Common",""
"0437","1bOdf9QCtPccJhy1XMf_HWM0N51aZreIR","Elder_monk_planting_iron_cross_202608101043.jpeg","image/jpeg","819895","Common",""
"0438","1bp6gURQ-lBehchO5osUluq-ihr0qkkRL","Stone_path_leading_to_ocean_202608150831.jpeg","image/jpeg","949438","Common",""
"0439","1bpsNlivvxGgCiXsu4VpqV9d5Q1I_kNRt","Wooden_watchtower_on_riverbank_202608150835.jpeg","image/jpeg","836809","Common",""
"0440","1BPZqRiOkKKjgX4QckhtrsdyaIMj4IZQE","Po_River_flowing_into_sea_202608150840_2.jpeg","image/jpeg","1141263","Common",""
"0441","1bqjdrZ9mwNFlu3t2KJ7eqAs5Se6GoA96","Thrinwulf_standing_on_cliff_202608150838.jpeg","image/jpeg","953081","Common",""
"0442","1BqsM9T0eDf1wn7oisHGRerB87Bu1QXFc","Villagers_sitting_around_fire_202608101042.jpeg","image/jpeg","794491","Common",""
"0443","1bRONkFRkGDcw6Pr7YA53d_fGiAVYUWtc","Wolves_standing_on_riverbank_202608101045.jpeg","image/jpeg","867567","Common",""
"0444","1bSFcDNIwtiWudtBbSCYCEMnK0jKFk3Ty","Three-headed_wolf_walking_in_water_202608150844.jpeg","image/jpeg","858983","Common",""
"0445","1btZxkCe5Ra-nYrBbrG80S1zOWIhCz9ca","Villager_examining_mud_tracks_202608101042_2.jpeg","image/jpeg","806026","Common",""
"0446","1bU_mlu-ct--XPBE5EJyygbhifGXy1SGx","Three-headed_wolf_standing_in_mist_202608150831.jpeg","image/jpeg","783820","Common",""
"0447","1Bv_hLepWBDJx4dmlvJXgAG1joNi8RUbH","Old_man_touching_girl_hand_202608101042_2.jpeg","image/jpeg","750601","Common",""
"0448","1bvyfQaHFAKbolw7rCG_iTjfJLJeE_qJY","Three_wooden_boats_sailing_202608150846.jpeg","image/jpeg","806921","Common",""
"0449","1BwcBeNyCuaFP-9cWGbWiawSLeV-kcViK","River_surging_through_rocky_gorge_202608101046.jpeg","image/jpeg","884994","Common",""
"0450","1bWS4AmiymQp_8jDMfpEeNvEpf_2lPley","Three-headed_wolf_walking_throug…_202608150833.jpeg","image/jpeg","789756","Common",""
"0451","1Bww0isz0DWSZjbDcC2bFJjxJyz_hPBAm","Three-headed_wolf_running_throug…_202608150845.jpeg","image/jpeg","764110","Common",""
"0452","1bxw_avsa56ppGLS_uSTUjdOL90JYOqBr","Boat_passing_beneath_stone_bridge_202608150833.jpeg","image/jpeg","1000780","Common",""
"0453","1ByZEpL8-Mrko_8_YyY2ej4WjzK8YheD2","Group_gathering_on_riverbank_202608101045.jpeg","image/jpeg","1179388","Common",""
"0454","1BZ6JwWNQ2XIOgIIUD0dtoRzl_d7n2Xgj","Three-headed_wolf_running_throug…_202608150846_6.jpeg","image/jpeg","765455","Common",""
"0455","1c_2uPhn0M1-z1JiElRJiG9FBkDqv4YSw","Three_headed_wolf_ready_for_202608150841.jpeg","image/jpeg","856802","Common",""
"0456","1C16KJR55fUAbNJXfmn877PhMZcXbzRVI","Village_huts_under_starry_sky_202608101042_2.jpeg","image/jpeg","692311","Common",""
"0457","1c40LJlK7lqmwb4vX7_A9irWmnBe14tnm","Three-headed_wolf_emerging_from_fog_202608150840_2.jpeg","image/jpeg","663586","Common",""
"0458","1C47dc5FwApoEx-oqj3_gM7J_Y6JybdwW","Three-headed_wolf_howling_on_riv…_202608101045.jpeg","image/jpeg","893346","Common",""
"0459","1c4D06cKHD_XmtUAlICxM1MUmDIEPT881","Three-headed_wolf_ready_for_battle_202608150830.jpeg","image/jpeg","709146","Common",""
"0460","1C4GO8rcpQ_psE5xRpDVKZQcLgDF9brrf","Three-headed_wolf_standing_near_…_202608150832.jpeg","image/jpeg","1029710","Common",""
"0461","1c4zHlxgvXaLYmiXJn7h6ZhWXW3eYUPj-","Three-headed_wolf_in_flooded_forest_202608150847_2.jpeg","image/jpeg","866867","Common",""
"0462","1c6WEQ1e91yWIteGk9LVtX7XQwIcvhOol","Three-headed_wolf_ready_for_battle_202608150830_2.jpeg","image/jpeg","731794","Common",""
"0463","1c7jZ0jo64cu3DCFWbu92gTv-aXItWgmM","Three-headed_wolf_on_river_emban…_202608150837.jpeg","image/jpeg","744172","Common",""
"0464","1C9GG8lxc0vE9glIZe3EUn24xtGEseAX-","Fisherman_hauling_fish_from_river_202608101047.jpeg","image/jpeg","836063","Common",""
"0465","1CAb0ZpDAS8hhl4PvsXnfyzQTtWEVi3ho","Thrinwulf_standing_on_sandbank_202608150841.jpeg","image/jpeg","902829","Common",""
"0466","1CAkZWvhnn6iK0fmbBu8WMBtyXUUgEXBk","Emerald_runic_circle_on_stone_202608150843.jpeg","image/jpeg","939307","Common",""
"0467","1caoF_QisOddROoYVSOsIecp38UkQJJrA","Iron_frame_over_burnt_forest_202608150837.jpeg","image/jpeg","957115","Common",""
"0468","1cbgIR5XbezRgfdYminbhSsVpsCEHr3Nq","Companions_sitting_around_fireplace_202608150833.jpeg","image/jpeg","868401","Common",""
"0469","1CC7av1qvez4gQZxBHzVoSXsBvlCjKw7T","Nicolas_looking_into_glowing_well_202608150839.jpeg","image/jpeg","850544","Common",""
"0470","1Cc9n_s-WIgVcypDtKLcTCYIb1qN6SLLT","Three-headed_wolf_emerging_from_fog_202608150846.jpeg","image/jpeg","849634","Common",""
"0471","1CcaqznJXaoDW9nhAfTBHG0mtSf4c4Kn3","Waves_crashing_in_stormy_delta_202608150831.jpeg","image/jpeg","730412","Common",""
"0472","1ccr-cihaNf7q_bQE-fV5gMSt2gGSSmd4","Three-headed_wolf_running_with_pack_202608150846.jpeg","image/jpeg","922201","Common",""
"0473","1cDwufsvVJRrNMqnGPEkLaqHyz6aME5Z9","Three_headed_wolf_looking_forward_202608150838_3.jpeg","image/jpeg","765644","Common",""
"0474","1cDXPnABRIsCJMlw84l2TVi4JeXdQH3_0","Three-headed_wolf_walking_throug…_202608150836_3.jpeg","image/jpeg","655807","Common",""
"0475","1CEfTNu4Z1VqEjWL62Gd9NG_B9kkV1Ug-","Three-headed_wolf_in_flooded_ruins_202608101042.jpeg","image/jpeg","871692","Common",""
"0476","1CeVrGu2pArU7TPdC6PFsOItpeVA9ZMFI","Three-headed_spirit_wolf_portrait_202608101044.jpeg","image/jpeg","797010","Common",""
"0477","1cFhXjY-LaDk4rNyYQa4UY21mpZPjwFLu","Wolf_looking_toward_distant_sea_202608101045.jpeg","image/jpeg","905027","Common",""
"0478","1CFyz5ujJOMkgDjNBZpQL9IErKnX9IPU6","Stone_carving_of_three_wolves_202608150840.jpeg","image/jpeg","1029968","Common",""
"0479","1CGj_VKbEUT_OjdWDwhYPblPPrjjdNXBO","Earth_Giant_raising_stone_fist_202608150836.jpeg","image/jpeg","1063102","Common",""
"0480","1CHArJd6SGd8g8u8qKRrK5VUahPh2ePtP","Shipwreck_mast_pointing_at_nebula_202608150834.jpeg","image/jpeg","661878","Common",""
"0481","1CIl5wZa-Og1wOT21bV4slIukjfzYiA3s","Thrinwulf_running_with_wolves_we…_202608150838.jpeg","image/jpeg","952030","Common",""
"0482","1CiZdFI8LzzJkD5vgtN9txsAbAbbCbiIQ","Three-headed_entity_in_mist_202608101043.jpeg","image/jpeg","877791","Common",""
"0483","1cJ-uj2NTQY23cJlkb9FomNiykXvrQDYF","Stone_pillar_reflecting_cosmic_sky_202608150830.jpeg","image/jpeg","867350","Common",""
"0484","1cjRlo0Im9Eb-_HPUq4fsZ2I5hzRC30wL","Three-headed_wolf_walking_in_water_202608150830.jpeg","image/jpeg","703442","Common",""
"0485","1cJxrTzFFhzltCi1gD6qVY2kLn2hSxlAp","Portrait_of_person_illuminated_b…_202608150840.jpeg","image/jpeg","899489","Common",""
"0486","1cKWtkFNZ__0wVMNUnZ-yPyd5za0VM3Te","Stone_pillar_reflecting_cosmic_dawn_202608150839.jpeg","image/jpeg","885263","Common",""
"0487","1CkWWIfnUu7HdBfuizLdL7Uv4DEIST2m_","Glowing_particles_rising_from_la…_202608150844.jpeg","image/jpeg","804861","Common",""
"0488","1CKWxdbLWDKmR9aCyJKTwm1_2SxFy1mAT","Starry_sky_over_lagoon_water_202608150833.jpeg","image/jpeg","841754","Common",""
"0489","1cl60W8GDK1RjL3_AKcVPflKEqI-sgm73","Three_headed_wolf_standing_dominant_202608150830.jpeg","image/jpeg","858937","Common",""
"0490","1ClsXXF1BwgZbhDMRsUcL35APBGCdjSh7","Three_headed_creature_turning_heads_202608101044.jpeg","image/jpeg","745727","Common",""
"0491","1CnknLc3z3-aXb-JTj_OLgtbXBj7zK7hE","Elderly_abbot_writing_in_scripto…_202608101046.jpeg","image/jpeg","911418","Common",""
"0492","1cNu-zY0Hlt7YfvKFZzobCAIt-TL533dq","Crystalline_water_sphere_reflect…_202608150841.jpeg","image/jpeg","914835","Common",""
"0493","1CoAWK5VtUphQmLAUUekjubuAZsUYzsB2","Three-headed_wolf_running_throug…_202608150832.jpeg","image/jpeg","812860","Common",""
"0494","1cOVTMoYDN-4B_FclQ-qWLnINYgeudHII","Water_bursts_through_earthen_emb…_202608101043.jpeg","image/jpeg","802852","Common",""
"0495","1CpmnQiuBmbma-CKonM0JOw6LU4XLhME9","Three-headed_wolf_running_with_pack_202608150836.jpeg","image/jpeg","873901","Common",""
"0496","1CQplnRPTPdHjHIgb2e91UScrBIubbKwB","Three-headed_wolf_standing_in_mud_202608150835.jpeg","image/jpeg","760849","Common",""
"0497","1CR-39-grahdeikavilw8KzhS-tsfzFFI","Fisherman_net_on_wooden_deck_202608150832.jpeg","image/jpeg","1044299","Common",""
"0498","1cre8gx54Y3_NRwA2BuzUXTDEDHb-d-B_","Rusted_iron_gate_in_swamp_202608150831_2.jpeg","image/jpeg","995852","Common",""
"0499","1CRiKhrdxs5mrr7HuiHXeJiYGTer0gFw8","Three-headed_wolf_emerging_from_fog_202608150831.jpeg","image/jpeg","830843","Common",""
"0500","1crJ5ORq-F0Yh0_LJtYZfgXLLrBHD4-Ir","Silver_wolf_medallion_in_swamp_202608150840.jpeg","image/jpeg","897343","Common",""
"0501","1CrMeEYyraodHzsDlsohvZgdWXTOoM8HE","Lance_and_shield_on_hill_202608150832_2.jpeg","image/jpeg","1058724","Common",""
"0502","1CSUK5GAMOYsXFC1BBOXMI6q6j-joErLE","Three-headed_wolf_in_flooded_forest_202608150842.jpeg","image/jpeg","849578","Common",""
"0503","1cUQ5UtuifF9SxwWtAzMoNny0a7sTJGx9","Thrinwulf_howling_under_starry_sky_202608101047.jpeg","image/jpeg","988570","Common",""
"0504","1CUU3zXpIHDv37bUDNykmeC2L28SMSmi7","Fog_rolling_over_brick_house_202608150831.jpeg","image/jpeg","745260","Common",""
"0505","1cuVnJAK9qfGairZoVsnsPn1LTNvRs1qI","Three-headed_wolf_howling_at_dawn_202608101044.jpeg","image/jpeg","825140","Common",""
"0506","1cvoNKM0ohPe-5PPGm07c0Q6VKqwuAMC9","Three-headed_wolf_walking_throug…_202608150846.jpeg","image/jpeg","802505","Common",""
"0507","1cWKJfG7DI82KU0FhFqAAu21bWnpaGZx1","Villagers_hearing_howl_from_reeds_202608101042.jpeg","image/jpeg","693844","Common",""
"0508","1cWsJG4PikQnaUpk3zqX4VynLMjJ_-iV9","Water_spirits_dancing_above_lagoon_202608150831.jpeg","image/jpeg","764715","Common",""
"0509","1CWvTBViKopvpy5uDhj6hMw-2cFEsVo7h","Thrinwulf_sleeping_under_glowing…_202608150840.jpeg","image/jpeg","1053080","Common",""
"0510","1CXHuHxRp2lIwxo4XPMUuXwiOToyHDbd2","Three-headed_wolf_ready_for_battle_202608150831_2.jpeg","image/jpeg","753072","Common",""
"0511","1cybMsSu5rcCmCLKCv9N7KWTbqcZmjN5w","Po_River_Delta_flowing_sea_202608150843.jpeg","image/jpeg","1008012","Common",""
"0512","1cyOOCJK5R_Sohmu_WbF1-rSqExc8EbQq","Wolf_pups_playing_near_roots_202608101045.jpeg","image/jpeg","959674","Common",""
"0513","1cYqDS6nBeUVa6lMjqdZj7_UzwSyJbjLG","Three-headed_wolf_on_river_emban…_202608150840.jpeg","image/jpeg","733053","Common",""
"0514","1CYRWJ4hGLZoPQBrruiPPqs5vQM3UngjJ","Three-headed_wolf_walking_in_water_202608150838.jpeg","image/jpeg","756280","Common",""
"0515","1Czb5BKPnTfVPWGlK8oh0xk4N0RiwhzGL","Three-headed_wolf_standing_on_mu…_202608150836.jpeg","image/jpeg","929257","Common",""
"0516","1D_2cqWpF5eOBlYlIOoT7ojMDKyuXqzA7","Stone_staircase_leading_into_mau…_202608150836.jpeg","image/jpeg","964966","Common",""
"0517","1d2Hk8fHRt5TiHrNPmqrJBnVZvEHEwtMv","Water_sphere_reflecting_cosmic_n…_202608150839.jpeg","image/jpeg","833215","Common",""
"0518","1d3eL1zS6T82NBEdtoj-9jv2bRNbXx0mX","Man_carrying_lance_202608150833_2.jpeg","image/jpeg","921205","Common",""
"0519","1d3NUkEXNIedzjaI_c8yP07Jv8kzaEVXs","Fisherman_boat_on_misty_water_202608101042.jpeg","image/jpeg","717376","Common",""
"0520","1D5XLuM0K2mNc_SaFg1KiCKBsuPZGwpDG","Quiet_delta_at_dusk_202608101046.jpeg","image/jpeg","889083","Common",""
"0521","1D7N1yloVPO8BCRN41-6AoElKEZHf94_8","Path_leading_into_cosmic_ocean_202608150835.jpeg","image/jpeg","974113","Common",""
"0522","1d7RJ2SQksAn7QzZuVkR4SfULwmQIjzM6","Fisherman_net_on_wooden_deck_202608150833.jpeg","image/jpeg","869669","Common",""
"0523","1d7vetO3CqQYyDDXfz3OYMfq0tDR9gvLH","Thrinwulf_glowing_silhouette_fus…_202608101044.jpeg","image/jpeg","900792","Common",""
"0524","1Da_Nt56OcJBLGuDaW4TAOHOsqUHxGqPH","Thrinwulf_standing_on_sandbank_202608150838.jpeg","image/jpeg","875976","Common",""
"0525","1Dag9Gm2xddrGY2qDW7pKB-hoB3Q3W6Ds","Three-headed_wolf_standing_in_mist_202608150841_2.jpeg","image/jpeg","723174","Common",""
"0526","1dbdH6VSreRWbjys9h6GCGXWRxcs6fot7","Wooden_boat_tied_to_pier_202608150837.jpeg","image/jpeg","1022569","Common",""
"0527","1dBe-kgSGbWS1cv3s7mB90Q4V4gUv5JwU","Wolf_spirit_converging_light_orb_202608101042.jpeg","image/jpeg","757927","Common",""
"0528","1DbqfDt3xB8c6Qop3zXJJZqhZFMtMpywv","Shield_of_Water_calming_lagoon_202608150834.jpeg","image/jpeg","880903","Common",""
"0529","1Dc0KygTH32nZePg8dR7NqQfhTzR5yqLQ","River_view_with_calm_waves_202608101043.jpeg","image/jpeg","864793","Common",""
"0530","1dCijdbHu7njxhgjty8sKyWIq290hwIN0","Three-headed_wolf_in_flooded_forest_202608150834_2.jpeg","image/jpeg","813715","Common",""
"0531","1dCY5OmT2P4lsQEXJo6HN37g1Qz11xhB0","Three-headed_wolf_running_marsh_202608150845.jpeg","image/jpeg","874304","Common",""
"0532","1dddNZce9T_nG5QP7twp6m17yd0_qx0Ob","Three-headed_wolf_howling_in_forest_202608150843.jpeg","image/jpeg","725479","Common",""
"0533","1Ddf9XfX1Zl_93lbrpipE1FnEUvPO6EpN","Net_on_wooden_deck_202608150843.jpeg","image/jpeg","788740","Common",""
"0534","1dDO64stNzedLoebvVnRxmG3xoLphhb5O","Eyes_reflecting_cosmic_horizon_202608150831.jpeg","image/jpeg","799439","Common",""
"0535","1ddVYtVdetBkjF5a_RvW9jK4y4j0nJJ8A","Woman_holding_lantern_in_fog_202608101042.jpeg","image/jpeg","876737","Common",""
"0536","1dESzRFBs4FJO01io7yiDy9jI30xnLsBW","Three-headed_wolf_standing_dominant_202608150840.jpeg","image/jpeg","855392","Common",""
"0537","1dF7y7jqVaK5Xb0RhOAJ7KlBVeam8NQ20","Create_an_ultra-premium_full-color_9_16_202608150832.jpeg","image/jpeg","782895","Common",""
"0538","1DGn8OEtDjR9FZ59YzSkYkB0GKbZk-DQF","Man_carrying_lance_in_frame_202608150838.jpeg","image/jpeg","901482","Common",""
"0539","1di5tuSB_du7pAJh2j50la0DKOlmSDvVb","Wolf_spirit_gazing_at_river_202608101042.jpeg","image/jpeg","911998","Common",""
"0540","1DifoklgvSQn1_oG0yHeNlJFwcF57PoyW","Pilgrim_poet_walking_with_dog_202608101043.jpeg","image/jpeg","916129","Common",""
"0541","1DiYm0hoyVNpNr4RO8NZXzliKVAEJ9uA6","Po_River_Delta_flowing_into_202608150841.jpeg","image/jpeg","907647","Common",""
"0542","1DjKUoKtSBOKBXSg1L6jpr8GG4aZoeNQC","Bridge_collapsing_into_raging_river_202608150833.jpeg","image/jpeg","847419","Common",""
"0543","1Djuahxq52f3d8w32f15slOjV9GiaYtaE","Three-headed_wolf_running_throug…_202608150833_2.jpeg","image/jpeg","872808","Common",""
"0544","1DK36kHFEG7WPNthV2NaQwbqTndbN5Qk-","Wolf_pack_hunts_across_delta_202608101047.jpeg","image/jpeg","957031","Common",""
"0545","1DNjfdBp1A3vuZ83Z-8uiJ1eFDNEuoyWY","Stone_pillar_reflecting_cosmic_dawn_202608150838.jpeg","image/jpeg","807115","Common",""
"0546","1DnSGOiZfVyYcw612AFpK3bgv9dhUtXYF","Three-headed_wolf_ready_for_battle_202608150833_3.jpeg","image/jpeg","813016","Common",""
"0547","1Do_ZZoCMlMmv3JFeVbX8pMAXn4hpkIpt","Three-headed_wolf_resting_by_pas…_202608101044.jpeg","image/jpeg","828205","Common",""
"0548","1doIKIeBlea8HdJw-IWC5q-QscVOqiA2Q","Three-headed_wolf_running_at_night_202608150831.jpeg","image/jpeg","821149","Common",""
"0549","1DpM6xm0-19J86MOOwm9lJQ_gLTyT5Z4o","Three_headed_wolf_walking_water_202608150831.jpeg","image/jpeg","827485","Common",""
"0550","1DQ-uVor0hDnN0meNkif6tU0oMsyhWj6r","Volcanic_explosion_destroying_ir…_202608150834.jpeg","image/jpeg","936567","Common",""
"0551","1dqLDDGcn7MN1ERd-LCq5JYUlCXexxBpp","Water_caustics_on_stone_ruins_202608150845.jpeg","image/jpeg","912311","Common",""
"0552","1DQnipqWeBunDSFgiv6JyeuNoi0pxYodB","Companions_sitting_around_fireplace_202608150837.jpeg","image/jpeg","882066","Common",""
"0553","1drrkyvSpwg1HMUyllYQt2fq6o329UEzm","Hand_wrapping_runic_wooden_compass_202608150839.jpeg","image/jpeg","787607","Common",""
"0554","1DT4WDtfQdLn6lzFVOHLPxDoGRBmqHEk6","Wind_bends_reeds_into_spirals_202608101045.jpeg","image/jpeg","910672","Common",""
"0555","1DunO1R8WN-arI3JEoaYc_HKPUObAV-vc","Paw_print_in_mud_flats_202608101043.jpeg","image/jpeg","814940","Common",""
"0556","1DVBZ8p7w8HRCoO9o9CLH6w44DuA5F-wB","Bronze_key_inside_oak_trunk_202608150839.jpeg","image/jpeg","1014017","Common",""
"0557","1DvoJSbcF78J7tEjRSRmjvpbSFypOCC4g","Fog_rolls_over_brick_house_202608150833.jpeg","image/jpeg","848791","Common",""
"0558","1dwP8SJU56pcdDfan9MQkQdCzDWpFz8Mh","Wolf_running_through_misty_wetlands_202608150838.jpeg","image/jpeg","925552","Common",""
"0559","1dWt-25FDD_GfzSvVenyyfA7bqyh3lRGc","Noemi_staring_at_river_horizon_202608150844.jpeg","image/jpeg","984180","Common",""
"0560","1dXTEtNFK3V3n4Aj1-QVAY98PlCoaTfDT","Three-headed_wolf_in_flooded_forest_202608150834.jpeg","image/jpeg","770388","Common",""
"0561","1dymuKjKOrVNNE6pLlPtPT7gCow9lXwsm","Three-headed_wolf_ready_for_battle_202608150832_4.jpeg","image/jpeg","875034","Common",""
"0562","1dYZX6otuq_TbConCpEJzGLqt8-LflxW3","Lance_and_shield_on_altar_202608150840.jpeg","image/jpeg","984661","Common",""
"0563","1dZS-Mock3U5ffBN6m2xU0Eorntp16ZGv","Three-headed_wolf_ready_for_battle_202608150837_2.jpeg","image/jpeg","874504","Common",""
"0564","1dzZKXMAgCy6fpZD92BfD5Fn1Y0W0x-R1","Three-headed_wolf_standing_in_vi…_202608150830.jpeg","image/jpeg","847009","Common",""
"0565","1E0-Z6lyv1EzSc1gWlThYMHw7oDPja_uT","Lance_and_shield_on_hill_202608150833.jpeg","image/jpeg","1111865","Common",""
"0566","1e0axbliYxxD51r0tZRzpNffy9FqfHC51","Water_portal_opening_in_lagoon_202608150835.jpeg","image/jpeg","908490","Common",""
"0567","1E1W87wO4NAh44HgvvNZWu3s5Oo8TMD2X","Boat_passing_beneath_stone_archway_202608150845.jpeg","image/jpeg","845819","Common",""
"0568","1E2M8pb6lRxGt-wubZx9rXbRyKlCHiYZL","Three_headed_wolf_running_202608150840.jpeg","image/jpeg","763776","Common",""
"0569","1e5sa8ct8DZ6HQJRfCdEyn8xZ4hbegp7J","Woman_pulling_boat_on_sandbank_202608150830.jpeg","image/jpeg","970405","Common",""
"0570","1E7qyQw5YDIts5zq3WGnOEtILDhsRXvof","Searchlights_cutting_through_riv…_202608150835.jpeg","image/jpeg","732664","Common",""
"0571","1e9QU7LhFvXuLLaMpFxLfxjyjOmtujSOW","Three-headed_wolf_ready_for_battle_202608150834_2.jpeg","image/jpeg","785893","Common",""
"0572","1eAKmvcFHeIYowGfztwJE9TkUWDgORVRL","Three-headed_wolf_walking_throug…_202608150846_8.jpeg","image/jpeg","732658","Common",""
"0573","1eaVwV8E0_OXRvXQt3yJOeNOtAnsxxE3R","Chariot_plunges_into_river_202608101045.jpeg","image/jpeg","884736","Common",""
"0574","1eB4SrkGJZ8u23nv64ur9R9FcxENMMlpK","Abandoned_hut_with_overturned_cr…_202608101042.jpeg","image/jpeg","844833","Common",""
"0575","1eCkHs4D2B0TWE9wqQ1JcM0GPO5nG8RpP","Thrinwulf_standing_on_cliff_202608150831.jpeg","image/jpeg","966710","Common",""
"0576","1eCLGdmpHOsafFeXUpY9LpX-4c54jua2j","Thrinwulf_pausing_at_water_edge_202608101042_2.jpeg","image/jpeg","721030","Common",""
"0577","1EcUR_F3-vDaZPCQbnK5Ot7TEVGNMwCgj","Three-headed_wolf_emerging_from_fog_202608150846_4.jpeg","image/jpeg","825696","Common",""
"0578","1EdF3x5m4Q9so8NOSYPE7c1ZtokPfUAEV","Veiled_women_mourning_at_riverbank_202608101042.jpeg","image/jpeg","809634","Common",""
"0579","1EFhybQig6ZCdNXC4n8D-wjdPo17GoE5x","Wolf_pack_singing_under_stars_202608101043.jpeg","image/jpeg","928144","Common",""
"0580","1eFmmmGDOYOS1ClLOyU-RdXWuHAJjAm2N","Earth_Giant_crumbling_into_dust_202608150834.jpeg","image/jpeg","1013551","Common",""
"0581","1eganzKjwpybLJCIp49SeFLmzCf_ohKyG","Three-headed_wolf_emerging_from_fog_202608150844.jpeg","image/jpeg","777283","Common",""
"0582","1EGElECum3r0dioa5tTPVU_OXd3TVB_vC","Two_wolves_walking_along_path_202608101042.jpeg","image/jpeg","986986","Common",""
"0583","1egl5MtpeJTQn2MZHWYo6Fx2GxUHkZ7mh","Watchtower_glowing_in_wetlands_202608150842.jpeg","image/jpeg","875364","Common",""
"0584","1eGrsD0i2H9Y2kD5G-pClqM6a55gMf_7g","Three-headed_wolf_running_river_202608150833.jpeg","image/jpeg","765259","Common",""
"0585","1EHkjXEbEwj93DyFjSQlm_4gYObtBwL0t","Abandoned_iron_factory_on_riverbank_202608150838.jpeg","image/jpeg","959351","Common",""
"0586","1EHoF8kWDfP-0mPnzj2k44AxG1trDIsaz","Storytellers_drifting_above_moon…_202608101045.jpeg","image/jpeg","1060715","Common",""
"0587","1Ei__2hf7D47yJl6EnjhqgF0n7fLJZ3T6","Person_carrying_spear_with_frame_202608150840.jpeg","image/jpeg","837598","Common",""
"0588","1eJ_XBtGmrC7sSLOGWcebDEUzYbz6u9bp","Three-headed_wolf_standing_dominant_202608150836.jpeg","image/jpeg","850337","Common",""
"0589","1eJFJfO0HkXsqdQf0KyuuwVnVxdv82YWe","Three-headed_wolf_emerging_from_fog_202608150846_2.jpeg","image/jpeg","834075","Common",""
"0590","1eKuXpfev0Ee3pCbammavPPCBUYxJKkQ7","Old_man_and_girl_kneeling_202608101042_2.jpeg","image/jpeg","839774","Common",""
"0591","1eMjFBY0AydISB1burYCD8HIEtKWRjDAv","Stormy_waves_crashing_in_bay_202608150830.jpeg","image/jpeg","801652","Common",""
"0592","1EpqWD8BTXhbX5ZhzRRjaNOoYWCXBEQ_c","Three-headed_wolf_ready_for_battle_202608150843_3.jpeg","image/jpeg","872255","Common",""
"0593","1EqjxeQwcx7XFNYWge-JDF5CKsW1sHeJZ","Energy_streams_shooting_into_sky_202608150845.jpeg","image/jpeg","970514","Common",""
"0594","1esqhazxoyR-k9wn9jDGjoFn-9XFErbfC","Three-headed_wolf_howling_in_temple_202608150838.jpeg","image/jpeg","714704","Common",""
"0595","1eSWrVe7xsjstblu6c4SwEGrgnOUkmV7D","Golden_roots_glowing_on_island_202608150838.jpeg","image/jpeg","939031","Common",""
"0596","1ET1hOltrC71IBnM1tvKP8Th5ofAqsIzT","Glowing_particles_rising_from_la…_202608150834.jpeg","image/jpeg","754257","Common",""
"0597","1evHUMyBBFLyZHBOJ4BtN1MKfg5wKT2tU","Gold_pollen_in_pine_forest_202608150840.jpeg","image/jpeg","823061","Common",""
"0598","1eW0MeetgNgLo5rkEcD9euRMNdtO1BidI","Crystalline_sphere_reflecting_co…_202608150838_2.jpeg","image/jpeg","803042","Common",""
"0599","1Ex0J0Td_vX3gQns4WigfsAtNqlHOJQHd","Wolf_heads_howling_with_soundwaves_202608101045.jpeg","image/jpeg","785947","Common",""
"0600","1exUlaWcjMh6QrOT7-GIKVSyvRbBWj89f","Companions_holding_lanterns_over…_202608150836.jpeg","image/jpeg","879853","Common",""
"0601","1EYdLRvn6EWlusU7dGjDqALVfaKAr8udj","Lance_and_shield_on_altar_202608150834.jpeg","image/jpeg","999684","Common",""
"0602","1EZL3Eg6cXS8tFjFwK8dhdMUkpxKtzDFr","Hand_polishing_silver_wolf_amulet_202608150833.jpeg","image/jpeg","782969","Common",""
"0603","1EzLfKr0ezRaQfvPyrmRDQ6YZ2Y7C7PxR","Three-headed_wolf_emerging_from_fog_202608150830_8.jpeg","image/jpeg","777166","Common",""
"0604","1eZTb1-fFmIl9hO0tzPN6F10_amfP6Lc8","Wooden_boat_tied_to_pier_202608150841.jpeg","image/jpeg","896410","Common",""
"0605","1EZwYjKsBDIc9p4PKA_RbQc0fkSHl7_Ti","Po_River_flowing_into_sea_202608150832.jpeg","image/jpeg","1131909","Common",""
"0606","1F-ttLda8yhvIVf7pRyF4ScPLTLRUDX_j","Golden_dust_storm_sweeping_lands…_202608150831.jpeg","image/jpeg","737133","Common",""
"0607","1F1OLB4aLs9162YR3D_ZjQm9_F9Mup6Bj","Golden_river_forming_running_wolves_202608150832.jpeg","image/jpeg","976106","Common",""
"0608","1F4-db3jtc2hjlqxrbdHeXN2oqY5nh76f","Woman_swimming_in_aquatic_temple_202608150840.jpeg","image/jpeg","822906","Common",""
"0609","1f57lIOOY7ywDz5FYWe654dTrNgAmI30t","Person_staring_into_fire_202608150830.jpeg","image/jpeg","986634","Common",""
"0610","1F5cE909-Fp4WlxcwVCf9K3v93LY7MFdx","Oak_roots_glowing_with_energy_202608150834.jpeg","image/jpeg","1089909","Common",""
"0611","1F6qpYH-1Rl4Alt569cl_pkzx69p90H_f","Wolf-spirit_healing_cracked_emba…_202608101047.jpeg","image/jpeg","951803","Common",""
"0612","1f8ZVisoq5xoxkeN-1RpnP0SNxossjR1N","Thrinwulf_sleeping_under_glowing…_202608150842.jpeg","image/jpeg","1109959","Common",""
"0613","1f9tw6FQjS9wUy2kJC_9h_qmMVRJBF6Yc","Three-headed_wolf_running_river_…_202608150839_2.jpeg","image/jpeg","780481","Common",""
"0614","1fahBNfIrXnTvTx_qVLbZMv5MgtXVMEw2","Paths_converging_at_riverbank_202608101042.jpeg","image/jpeg","842064","Common",""
"0615","1FB6YC5K5duzhDqOM_6sjFXUMmDZH3zUp","Three-headed_wolf_in_marsh_202608150834.jpeg","image/jpeg","798374","Common",""
"0616","1Fbfkdew30-tQ-5xRwoqYuHrfx7wi-IKW","Man_carrying_lance_202608150840.jpeg","image/jpeg","961617","Common",""
"0617","1fDmcXW90kOTvFfAPagMJXm0L2OjAG9eN","Three-headed_wolf_walking_throug…_202608150844.jpeg","image/jpeg","839622","Common",""
"0618","1FE1eZLOFrNeQGt5nTcBaQcQIJnGLLEj7","Stone_arch_collapsing_into_water_202608150840.jpeg","image/jpeg","877249","Common",""
"0619","1FFgZxC6MAE3pOxDzfAgLJxtpRIL985qg","Po_River_Delta_flowing_sea_202608150844.jpeg","image/jpeg","1090973","Common",""
"0620","1ffRDtFrImpTkGQ7hmKRmF7iFU8nDKnze","Three-headed_wolf_walking_in_water_202608150831_4.jpeg","image/jpeg","790161","Common",""
"0621","1FFsSwwBhXsOL63Rfb73UFZoXZCjpbDPx","Hand_wrapping_wooden_compass_202608150834_2.jpeg","image/jpeg","833271","Common",""
"0622","1FG2cgFTTAFRjb1Qqfm0S3XI8oqP5CLbt","Thrinwulf_standing_at_river_mouth_202608101044.jpeg","image/jpeg","827914","Common",""
"0623","1fGpnL-3pND2dBBeyVBMXaD7edJSbOEqp","Three-headed_wolf_spirit_rising_202608101044.jpeg","image/jpeg","810404","Common",""
"0624","1FHjFqx-hwsFDjfojZMy0mvrnnCAd2GqG","Three-headed_wolf_standing_on_sa…_202608150841.jpeg","image/jpeg","851919","Common",""
"0625","1FIbf94MEbFZW74r2omU3MAsvwewCQe_x","Paths_meeting_at_riverbank_202608101047.jpeg","image/jpeg","816986","Common",""
"0626","1FJ8BgBW-rkshdAcW5Be6nRlHMb4OZHdr","Three-headed_wolf_walking_in_river_202608150831.jpeg","image/jpeg","799196","Common",""
"0627","1fJjWFZxC0IkSG5dDSyXHhnsmLnDU58u7","Villagers_reacting_to_approachin…_202608101044.jpeg","image/jpeg","802242","Common",""
"0628","1fkXVSusgEqUI8iMf9CnOpSbO78HiyOqb","Nicolas_fighting_enemies_in_fire_202608150832.jpeg","image/jpeg","997666","Common",""
"0629","1FlXyr93HlfX9u7IYA5I9xS3TFg65QlQI","Nicolas_fighting_enemies_inside_…_202608150835.jpeg","image/jpeg","918785","Common",""
"0630","1fMMf-i7p1VbFjOPsPMHrThIVO4ut8sPl","Pilgrim_poet_singing_into_mist_202608101046.jpeg","image/jpeg","803297","Common",""
"0631","1fnCCtm9MF6X1Hn5afoQTAuPExZt9DEzb","Stray_wolf_stopping_by_river_202608101047.jpeg","image/jpeg","726534","Common",""
"0632","1foAjzmbm6AxQCa_uZAsnr-AsfEqEVcQ7","Three-headed_wolf_in_flooded_forest_202608150841.jpeg","image/jpeg","809505","Common",""
"0633","1FpJXSjxQnuYn0pJdDnFPV46JhWvp3uV3","Pilgrim_poet_walking_among_trees_202608101044.jpeg","image/jpeg","700457","Common",""
"0634","1fpMpUP0AcV4sQDha--MFyaBmurNz0M8a","Mechanical_wolf_breathing_fire_202608150834.jpeg","image/jpeg","1021322","Common",""
"0635","1FPt4DUvTv2ZACW5g5YEcGz2JD-iqWCSo","Three-headed_wolf_running_throug…_202608150830.jpeg","image/jpeg","742884","Common",""
"0636","1fQGyUb7eFoy74dVhKP0pLYE2wOQTaP5z","Water_reflecting_on_stone_ruins_202608150841.jpeg","image/jpeg","871816","Common",""
"0637","1FRBa4dfifHXCY9TJ6LhdFwMWbPK45sA8","Submerged_stone_pillars_in_lagoon_202608150830.jpeg","image/jpeg","974511","Common",""
"0638","1FRVfJtuaYLlHuWLlvf4V6Q3uF4hh395i","Fishermans_net_on_wooden_deck_202608150839.jpeg","image/jpeg","864911","Common",""
"0639","1FsN3jO5eyBnUa67Jgo9MfHsiWPWC47AD","Three-headed_wolf_standing_domin…_202608150830.jpeg","image/jpeg","792488","Common",""
"0640","1FSqfGallvDZ8eZWd5aZlCEHY4UkRO25m","Stray_wolf_following_river_path_202608101045.jpeg","image/jpeg","1060308","Common",""
"0641","1ftmFAwIj8XqzJj2RPzEedojcERn-UED_","Wooden_boat_sailing_through_reeds_202608150830.jpeg","image/jpeg","1009876","Common",""
"0642","1FULUO1mfx89lJxh1CfS5aSYoaiSWJ4kY","Three-headed_wolf_walking_throug…_202608150846_7.jpeg","image/jpeg","836239","Common",""
"0643","1FUvaPqmC1XvPwrQpobA8lNXWmCQA9lzs","Hand_holding_sword_reflecting_fl…_202608150839.jpeg","image/jpeg","945841","Common",""
"0644","1FvLfN6QPCtMxeFqhvy9rfy_21HOeg8f_","Paw_prints_on_riverbank_mud_202608101046.jpeg","image/jpeg","1009351","Common",""
"0645","1Fvnakr9jXgvAUt73_cuzVDgptK0SC-hB","Water_shield_blocks_mud_splash_202608150835.jpeg","image/jpeg","878313","Common",""
"0646","1fwO5-cJbu_ypeyLj1prMENbfURTuUqNL","Creature_standing_by_water_mirror_202608101042.jpeg","image/jpeg","811158","Common",""
"0647","1fYJeAiPITkk9H3O_PdyovnJCPiz_Kf-Q","Thrinwulf_rising_among_floating_…_202608101043.jpeg","image/jpeg","825931","Common",""
"0648","1fYsNA_NGF2Jp2zU2QKXZMujcQ6O9pItc","Thrinwulf_sleeping_under_tree_202608150838.jpeg","image/jpeg","1023305","Common",""
"0649","1FyW4uG8Rb9_hA82DsNSAvbiXnNksiHmu","Silver_key_on_royal_velvet_202608150840.jpeg","image/jpeg","766817","Common",""
"0650","1g0UrvAlvgJbPPTOOwJNxAt3ARuqupT91","Stone_pillar_reflects_cosmic_dawn_202608150845.jpeg","image/jpeg","792767","Common",""
"0651","1g33IMkck2B_NSAEJRD16QInX2UWy7Knj","Searchlights_illuminating_river_…_202608150833.jpeg","image/jpeg","804237","Common",""
"0652","1g3L42OfSJ6elnPVzMYo4OwgFjFysJjFH","Three_headed_wolf_looking_forward_202608150838_2.jpeg","image/jpeg","692399","Common",""
"0653","1g3tBTM8DVR_2iVdpv35wcHXbfX7o_yMA","Man_carrying_lance_202608150836.jpeg","image/jpeg","843097","Common",""
"0654","1G4FFFOD9j8ioKN6qe6m5YEsmRfG5AL7w","Pilgrim_poet_standing_at_threshold_202608101042.jpeg","image/jpeg","779450","Common",""
"0655","1G5Thm9ffX3u_QmCfuNjlKpd2U5fh_FqF","Three-headed_wolf_standing_in_te…_202608150837.jpeg","image/jpeg","804772","Common",""
"0656","1G5UozlaM-eF9zBcPupFUtbTiYBiZn34Y","Thrinwulf_sleeping_under_tree_202608150830.jpeg","image/jpeg","1032404","Common",""
"0657","1G5ztZLuc8JtkzJ67omZPsQURLYFpJRd7","Villagers_observing_approaching_…_202608101043.jpeg","image/jpeg","783975","Common",""
"0658","1g6TGvhl0skLGINTwMeXuCNjv8AZuOVJ2","Black_wolf_under_aurora_202608150830.jpeg","image/jpeg","945599","Common",""
"0659","1G79nZVQrlgniEvKrStFT2VpNPDZAFppc","Searchlights_scanning_desolate_m…_202608150837.jpeg","image/jpeg","806178","Common",""
"0660","1g8LN0j5xBNYB7dsyt5nMt09A5CXd6q-B","Volcanic_cracks_oozing_molten_lava_202608150846.jpeg","image/jpeg","1024602","Common",""
"0661","1GbeeQYgp7CWOBtSpjkId38x5ZZ8S0HhV","Earth_giant_walking_sandy_valley_202608150846.jpeg","image/jpeg","1069829","Common",""
"0662","1GFefHZxafK4xQ2cGpu4zF115zlr7nvUH","Three-headed_wolf_howling_in_vil…_202608150843.jpeg","image/jpeg","762480","Common",""
"0663","1gfFP6rsbYZj6L-v9-m_a22OR_MIulOw1","Mother_holding_newborn_at_river_202608101042.jpeg","image/jpeg","722881","Common",""
"0664","1GG8v8CwIln5H6rXyfHymFAxOxPsM1J76","Grey-brown_creature_head_watchful_202608101044.jpeg","image/jpeg","883972","Common",""
"0665","1gh4MF4ZwEnabZ7wKlJYsvz1S1jmTX3_m","Three-headed_wolf_emerging_from_fog_202608150843_2.jpeg","image/jpeg","689265","Common",""
"0666","1gH7gh0KelePvG746IQyoUtYNBT6DesI0","Three-headed_wolf_walking_throug…_202608150846_5.jpeg","image/jpeg","708330","Common",""
"0667","1GhCv_Z-B-w28zMRw0VawgU6PnYHnVGZK","Monks_lifting_manuscripts_from_f…_202608101043.jpeg","image/jpeg","836192","Common",""
"0668","1GHMwMiMLOJmrTDE9yvCQHmqEbP1JSnVD","Three-headed_wolf_running_in_mist_202608150838.jpeg","image/jpeg","778894","Common",""
"0669","1GHu5diFSlCbpvHXi6EzNJh-PzEXOegfq","Mechanical_wolf_breathing_fire_202608150835.jpeg","image/jpeg","980466","Common",""
"0670","1gHxyXhSAFxbcBUwA-49H6yEAvNylOrVm","Three-headed_wolf_standing_in_vi…_202608150845.jpeg","image/jpeg","782444","Common",""
"0671","1gifs0Dk05N96FTx5ookxCSMEFrVTSdb0","Three-headed_wolf_running_202608150841.jpeg","image/jpeg","721332","Common",""
"0672","1gISQsK8GMDj61r9CYKUqXBpI-K-Q8YIp","Stone_pillar_on_delta_edge_202608150832.jpeg","image/jpeg","848064","Common",""
"0673","1gJ2PVrcIre1iZYbykeCzynKjrKSx9_or","Elderly_storyteller_touching_lis…_202608101044.jpeg","image/jpeg","999466","Common",""
"0674","1gjx5gWluZs5n8UK-VIc1s143UI01ZZJS","Villagers_kneeling_before_giant_…_202608101045.jpeg","image/jpeg","900253","Common",""
"0675","1gKSDQFBQxS0iySELpXqEgQSL8pIEEQrd","Lance_and_shield_on_hill_202608150839.jpeg","image/jpeg","1077266","Common",""
"0676","1GNAqBcQlP4Wd5YTNHWpp6fHRC0jjaVEF","Man_carrying_spear_202608150837.jpeg","image/jpeg","958679","Common",""
"0677","1gP2slvaLGIZ-fzce25vLyQT6VA_O4jVP","Traveler_walking_on_marsh_path_202608150838.jpeg","image/jpeg","897909","Common",""
"0678","1GpHkCgb0TccRwD6PNnOn37TTsmSs5KbF","Brass_key_on_stone_altar_202608150840.jpeg","image/jpeg","807672","Common",""
"0679","1Gq2MocXUDiaFbGyp8gHeg2bd1HXb98qB","Three-headed_wolf_emerging_from_fog_202608150832.jpeg","image/jpeg","682371","Common",""
"0680","1gS_eKLfbdzKmbQrVVUSc0-Oz37D5yMoe","Thrinwulf_retreating_through_del…_202608101043.jpeg","image/jpeg","826081","Common",""
"0681","1GswTC73DG-ff2AMvtt_Q7qxZwq8LG63C","Fisherman's_net_on_wooden_deck_202608150831.jpeg","image/jpeg","1030169","Common",""
"0682","1GUxosj9HXDRslq3EB-LZ_wuG--x_y5Vs","Three-headed_wolf_ready_for_battle_202608150843_2.jpeg","image/jpeg","759449","Common",""
"0683","1GvnpgzkprC-Ymc2MGA3ooPw98XFGKv0c","Three-headed_wolf_walking_throug…_202608150845.jpeg","image/jpeg","664596","Common",""
"0684","1gvvJzSMtTxZA8OEkQZ7UwWq431aiRj5w","Stray_wolf_approaching_river_202608101047.jpeg","image/jpeg","985804","Common",""
"0685","1GWClc2hp6GSuiiset9yhxRZ_xgmxhCnO","Boat_passing_beneath_stone_archway_202608150838.jpeg","image/jpeg","966798","Common",""
"0686","1GY6WU8RET45ajp1f8wbs1J08jfMH9V6u","Reeds_swaying_in_breeze_202608101043.jpeg","image/jpeg","925413","Common",""
"0687","1gZqf21328UJHTOrKhOGSnehDTJtTieM_","Person_staring_into_fire_202608150839.jpeg","image/jpeg","882040","Common",""
"0688","1H_gUI9PSkOs44QVCR8eqgTAQMsE9-U6U","Rusted_industrial_barge_leaking_…_202608150833.jpeg","image/jpeg","901375","Common",""
"0689","1h3f9CmvqLXi0LxUL8JS3f037eEYZ29_L","Villagers_and_marsh_dwellers_sta…_202608101044.jpeg","image/jpeg","872636","Common",""
"0690","1h3ufs6j7t4iirsq-zp0EfjTMmBteU-z3","Wolf_spirit_looming_over_reeds_202608101045.jpeg","image/jpeg","951493","Common",""
"0691","1H6aPis9rV9u5ciFqJomfUogB3MogMvm_","Three-headed_wolf_walking_in_marsh_202608150844.jpeg","image/jpeg","854743","Common",""
"0692","1H84rUHV7Bqhb1Ye1q3tElXoXaeudv9ks","Boat_passing_beneath_stone_archway_202608150832.jpeg","image/jpeg","972721","Common",""
"0693","1H8jU7_DnqIXGWt2GbkWrJrUdlv6LnYPB","Three_headed_wolf_emerging_fog_202608150840.jpeg","image/jpeg","790502","Common",""
"0694","1H8K1RbtXvYkDE8YgZkvKMjByQE5_ebEe","Wooden_boat_tied_to_pier_202608150830.jpeg","image/jpeg","906632","Common",""
"0695","1h9ldMJBDGdjC_KZRyJPuxjsX5bv3Oh8N","Three-headed_wolf_walking_in_water_202608150836.jpeg","image/jpeg","729452","Common",""
"0696","1HAqWyM0nVcQmSwjvSR8ywuK3DizsvqDP","Thrinwulf_standing_on_sandbank_202608150840_2.jpeg","image/jpeg","931176","Common",""
"0697","1Hbf4u7YqZdEskkKwZk4yk-T1NFnYW3Up","Portrait_of_person_with_determin…_202608150840.jpeg","image/jpeg","850379","Common",""
"0698","1HBJAlK3iN5-ZTd2lg3p81DTTMW1hCJl7","Three-headed_wolf_howling_202608150845_2.jpeg","image/jpeg","620862","Common",""
"0699","1Hc5JfBDVFhrZ7_9FPyUp74ES54J7N6XV","Pilgrim_poet_closing_eyes_202608101046.jpeg","image/jpeg","698941","Common",""
"0700","1hcVJXmMm6LFhXCWu0I-ps9mHPqJnj_4h","Three-headed_wolf_standing_dominant_202608150839.jpeg","image/jpeg","844267","Common",""
"0701","1HcWaNYMJEgN2cNWE6Z-unFK5_PnRfXuL","Creature_approaching_crumbling_r…_202608101047.jpeg","image/jpeg","848476","Common",""
"0702","1HDsotOAYhDG29pQbz0CtColYDHV_5kYY","Thrinwulf_running_with_wolves_202608150838.jpeg","image/jpeg","821741","Common",""
"0703","1hdu_LUwLJMhpSRFxxMy4cjf_GcdTXzDh","Three-headed_wolf_walking_in_water_202608150835.jpeg","image/jpeg","688513","Common",""
"0704","1hdXoN5QQi2B0N7JUBn93wW5p6INcV6I6","Stone_carving_of_three_wolves_202608150839_2.jpeg","image/jpeg","878588","Common",""
"0705","1hFCiJYRD13h8_aTN9Yt2yvaLgglfo4xy","Creature_looking_at_sea_horizon_202608101042.jpeg","image/jpeg","765883","Common",""
"0706","1hgOKaQMiNQpeKGYVAfv3CtyyidG1eqQ-","Pilgrim_standing_at_river_mouth_202608101044.jpeg","image/jpeg","888310","Common",""
"0707","1HGxZAo3htOzDs6bJkUvhljYDAm6z1xBA","Earth_giant_stomping_sand_dunes_202608150839.jpeg","image/jpeg","988436","Common",""
"0708","1hGZax7RIHyiskcKLjv4MBRzfhcn8WKvt","Relics_resting_on_stone_altar_202608150839.jpeg","image/jpeg","776495","Common",""
"0709","1Hhhb-0R17t7tGWep2l61s4mRg8CjztI2","Companions_rowing_boat_at_sunrise_202608150833.jpeg","image/jpeg","741241","Common",""
"0710","1HhPxJcqKlkoPLDWd_YyndaFaBwf6WG8r","Three-headed_wolf_walking_throug…_202608150840.jpeg","image/jpeg","699017","Common",""
"0711","1hilmDuc1eUvzYXidEJs3a9AWVcx-11YG","Volcanic_cracks_oozing_molten_lava_202608150831_2.jpeg","image/jpeg","1017688","Common",""
"0712","1HkRvL_aY6-k_oC2SwUS6a8-5BLWPRIpK","Three-headed_wolf_ready_for_battle_202608150841_3.jpeg","image/jpeg","812295","Common",""
"0713","1HL2smL6-3f2nS8LfHExUcvKX8GrI0lVN","Earth_giant_stomping_sand_dunes_202608150844.jpeg","image/jpeg","934954","Common",""
"0714","1Hl9sZ0toHdfZHFp3pBPsaZOnKMPRE2N4","Three-headed_wolf_emerging_from_fog_202608150846_7.jpeg","image/jpeg","766460","Common",""
"0715","1HlHuhi4TqedQrIuAJ4LKsRnjOM-dhV-6","Reed_bed_swaying_in_breeze_202608101045.jpeg","image/jpeg","1008050","Common",""
"0716","1HmfRPOquggP7wh8vLq7hPKzKK9WXptf-","Abandoned_village_huts_in_marsh_202608101043.jpeg","image/jpeg","858009","Common",""
"0717","1hMjUu_N6m-sxSzU88o94IMjHMcv0PwG-","Energy_shooting_into_starry_sky_202608150834.jpeg","image/jpeg","1007149","Common",""
"0718","1hNi1O3kuup7MZPTsRXRmYQcD1QdJzpGm","Red_searchlights_scanning_dark_m…_202608150844.jpeg","image/jpeg","827118","Common",""
"0719","1hNkhldHBpOV0c2nVQ_2-KGE6H_gqT28r","Water_portal_opening_in_lagoon_202608150841.jpeg","image/jpeg","879450","Common",""
"0720","1HnP8P6yuUCaIqyrRLeL4ypDg5KJQgOlS","Three-headed_wolf_ready_for_battle_202608150832_2.jpeg","image/jpeg","897696","Common",""
"0721","1HpbaSu5qFIZYPrsz-a6iztyNt1hf6Y4K","Villager_examining_mud_tracks_202608101042.jpeg","image/jpeg","776643","Common",""
"0722","1hpE4bxm0TO6lqFy7Gh562BoktwSykWM0","Thrinwulf_portrait_with_three_heads_202608101042.jpeg","image/jpeg","796763","Common",""
"0723","1HPLob_7zGebmwMpdjx5Oy0RMaUCHgTLB","Silver_wolf_medallion_in_swamp_202608150838_2.jpeg","image/jpeg","850291","Common",""
"0724","1hPnBCIWlLD3zWYx58sKJ147Fw3eBIKRH","Two_wolves_meeting_on_path_202608101045.jpeg","image/jpeg","956308","Common",""
"0725","1HQ-J7rL9JvNH7G0tU6yOrjvmbWoUaTUM","Three-headed_wolf_emerging_from_fog_202608150842.jpeg","image/jpeg","904776","Common",""
"0726","1hQ8giF3d2Ee195MnEiutXjDw9w6N41Um","Three-headed_wolf_howling_in_temple_202608150830.jpeg","image/jpeg","798000","Common",""
"0727","1HRV9OQbSEczST4V5M6eOlDncWF3BvS30","Three-headed_wolf_on_sandbank_202608150837.jpeg","image/jpeg","906801","Common",""
"0728","1hsJbo3xyUkmFklgVGxyIFp-b1vDItiBj","Weathered_leather_map_on_table_202608150834.jpeg","image/jpeg","860308","Common",""
"0729","1hsTv_Nos14WZkcPWcvc_ohBMgifRXSni","Mother_shields_child_in_flood_202608101047.jpeg","image/jpeg","829976","Common",""
"0730","1hTUEoeJFug0DILvBCxyKUlGmXfcu-hQI","Glowing_footprints_on_sandbank_202608150842.jpeg","image/jpeg","986646","Common",""
"0731","1hU0vQMAx5WwqGTiTyAVOx8OG01RrmDl0","Three-headed_wolf_viewing_cosmic…_202608150834.jpeg","image/jpeg","1057405","Common",""
"0732","1HuLtX0fq_B9TgO0M7NhHNtRlG1jCgvyF","Lance_and_shield_on_altar_202608150837_2.jpeg","image/jpeg","951632","Common",""
"0733","1hUOQcmjPGlAkQ5P_1U9-FPxTy42zvtju","Water_ripples_forming_protective…_202608150841.jpeg","image/jpeg","952419","Common",""
"0734","1HvmbRqitnyVs3bx65JTuicKMjGkstbwZ","Shadow_looms_over_river_lagoon_202608150840.jpeg","image/jpeg","842890","Common",""
"0735","1HWsP0y-fS4IBtKbG1wqvFi49t44PBE-B","Three-headed_wolf_standing_near_…_202608150830.jpeg","image/jpeg","714299","Common",""
"0736","1hyjJmdAdRNJYK3fHNdFqpLK7VSaxTW0L","Stone_carving_of_three_wolves_202608150843.jpeg","image/jpeg","932757","Common",""
"0737","1hzXs4fT5qGq8grKQJ4FrQ567soiRt7ud","Golden_wolf_tracks_in_mud_202608150845.jpeg","image/jpeg","816126","Common",""
"0738","1i_X2GP3GvPNwrYFhM0FjKU3tbprZUBNn","Thrinwulf_standing_on_sandbank_202608150833_4.jpeg","image/jpeg","875394","Common",""
"0739","1I1QPIJfNgdt0fyKnLqhYrPkTSCxnh6fO","Figures_watching_from_marsh_reeds_202608101046.jpeg","image/jpeg","625438","Common",""
"0740","1I387F5BoufVw4PDpbwQLJEQ3lUXC46Zx","Girl_touching_muddy_ground_202608101043.jpeg","image/jpeg","763580","Common",""
"0741","1i3Sw0fJC-l14Z--QqmVxaSfj_iduGQe_","Three-headed_wolf_howling_in_river_202608150835.jpeg","image/jpeg","739290","Common",""
"0742","1I7_XYlR47ennlQP02yKnxLQpl3LRLWtl","Colossal_hands_emerging_from_swamp_202608150841.jpeg","image/jpeg","982259","Common",""
"0743","1I9K0sefWUfjO8SXe8na8KKgAlKbcNdUZ","Shield_of_water_calming_lagoon_202608150837.jpeg","image/jpeg","828247","Common",""
"0744","1IbfvWEsobePpkL0n1nVs7P7vKyJ1HViE","Gold_pollen_drifting_in_pine_202608150843.jpeg","image/jpeg","727073","Common",""
"0745","1iCefTx8K8OlCrIibW4gCoFLgfGuO_t2Z","Three-headed_wolf_howling_in_marsh_202608150832.jpeg","image/jpeg","716935","Common",""
"0746","1icnf5SjeMWsKiqqlSZUAqJQo63xgpvNc","Boy_standing_in_river_mist_202608101044.jpeg","image/jpeg","736293","Common",""
"0747","1idcMpIFc8440OpwUmKvgLkJfOIw9eQSa","Three-headed_wolf_howling_in_mist_202608150830_2.jpeg","image/jpeg","721999","Common",""
"0748","1iDMKLXc35BcxZxqDTRBJKpetws9o0RVS","Three_headed_wolf_running_202608150830.jpeg","image/jpeg","829040","Common",""
"0749","1idssd-8L2JiZtTyezGDeVq1-tWSyD5tq","Three-headed_wolf_howling_in_mist_202608150831.jpeg","image/jpeg","634111","Common",""
"0750","1iDSwYrBv6lkYcOm7yEek1R99jeaJZ1Wd","Boat_passing_beneath_stone_archway_202608150837.jpeg","image/jpeg","970413","Common",""
"0751","1If8PKg8Ny0Ui_fBQLriTOMH9yLVn_ogD","Po_River_Delta_flowing_sea_202608150838.jpeg","image/jpeg","1054233","Common",""
"0752","1igBu-EWaLYpL4Q9lBZoHbpk9l74PE7G8","Water_sphere_reflecting_cosmic_n…_202608150837.jpeg","image/jpeg","1017352","Common",""
"0753","1IGrbxXXbS38jxVnk-IecqTzN9LFcv8ce","Person_staring_into_fire_202608150840.jpeg","image/jpeg","1003558","Common",""
"0754","1igRRJ7DaBvIHvj0YtiftZpZ5_uX3qmeZ","Thrinwulf_running_with_wolf_pack_202608150832.jpeg","image/jpeg","894530","Common",""
"0755","1iGt-Lnh1osavXGKPGGyHm_1aThPwG1NH","Silver_key_on_dark_velvet_202608150846.jpeg","image/jpeg","896098","Common",""
"0756","1IGW4q9JOCdOPse5oKJw5ZMMGzrX_neVi","Three-headed_wolf_howling_in_marsh_202608150834.jpeg","image/jpeg","832567","Common",""
"0757","1ihkTGMOUnnTcBQ0fR5oy0LdOW5XiXfxH","Pollen_drifting_through_pine_forest_202608150846.jpeg","image/jpeg","870766","Common",""
"0758","1IHwDpeIw31jtwlmQVFsf3lMT8gy-darq","Jellyfish_floating_near_submerge…_202608150841.jpeg","image/jpeg","680575","Common",""
"0759","1iIRRx85SSTwdSG4ColqQFlWQFGU79u_v","Volcanic_cracks_oozing_molten_lava_202608150831.jpeg","image/jpeg","1007023","Common",""
"0760","1ij8JqlOd8kb7XfgwA6XLAwI9u1NMu5mg","Three-headed_wolf_running_in_marsh_202608150845.jpeg","image/jpeg","680994","Common",""
"0761","1IJfVRrl0VSNPLFGKo--o1j6UVQvapODT","Spirit_wolf_before_abbey_gate_202608101046.jpeg","image/jpeg","946195","Common",""
"0762","1iJSnOnzLVrLoQJQ6CK0ouHoTrBWVB1x4","Three-headed_wolf_running_in_forest_202608150841.jpeg","image/jpeg","829257","Common",""
"0763","1ikTeyNsGFJfQ7AgUm-5YXmX1lTFPzZ0g","Wooden_pier_in_swamp_202608150836.jpeg","image/jpeg","998025","Common",""
"0764","1Il9SGXEiGSiztrHK8q3aYTQ9mLdo9RX2","Three-headed_wolf_running_in_mist_202608150836.jpeg","image/jpeg","771480","Common",""
"0765","1ILCo4t9uhlb9WUNWDJsDOilBQ2OHCJKn","Iron_chest_in_marshlands_202608150846.jpeg","image/jpeg","908486","Common",""
"0766","1ILkOXH56sVgsyhq-hcwCU-7LMw1uKFZ8","Shield_of_Water_calming_lagoon_202608150841.jpeg","image/jpeg","792341","Common",""
"0767","1iNpVVQ26UGXp1VRK51ETB67RzOXQJJB9","Three-headed_wolf_howling_mist_202608150835.jpeg","image/jpeg","747457","Common",""
"0768","1iOo1rz5tpUPRxXfY_VZt8rUkzgZrNgVd","Nicolas_looking_into_chest_202608150832.jpeg","image/jpeg","854703","Common",""
"0769","1iPHOmWFomLpaX8PYa4NRKG1FQ6J3fc9j","Three-headed_wolf_ready_for_battle_202608150838.jpeg","image/jpeg","825737","Common",""
"0770","1iPnVDMjLpbCqYU4MOISY4VQ_ASdTFBb9","Three-headed_wolf_on_stone_path_202608150846.jpeg","image/jpeg","1040259","Common",""
"0771","1IreNRh0iDFscYoGQeMJQVZMAkN9DcYQe","Wolf_spirit_healing_earth_202608101043.jpeg","image/jpeg","940491","Common",""
"0772","1iTRHSue428HIRVEhkBPzZTeA4cvBIvhb","Three-headed_wolf_standing_in_fo…_202608150838.jpeg","image/jpeg","760443","Common",""
"0773","1IUOUTyst0IrM3l7giyfq8ncxfUKiiGE2","Metallic_debris_glowing_in_river_202608150836.jpeg","image/jpeg","810551","Common",""
"0774","1IUsu61dBQkXkfN5WaBHFur0kjLC4h8dW","Dirt_path_through_reeds_202608150844.jpeg","image/jpeg","856717","Common",""
"0775","1iWB4R1Gwd2uv9wKYlZgoIvxljOhgkAek","Ancient_stone_tower_in_wetlands_202608150844.jpeg","image/jpeg","765594","Common",""
"0776","1iWUvrP4kyRKpgKjVIVanQOrL3yxiFkw0","Three-headed_wolf_running_river_…_202608150841.jpeg","image/jpeg","815811","Common",""
"0777","1iYJKpSS1p8t1BAVP-MHjN1DeR66Qkvl4","Boat_passing_through_misty_canal_202608150832.jpeg","image/jpeg","762683","Common",""
"0778","1izYwGYshKBalH-TFw94W1o1jIlxQ9MMY","Golden_cracks_on_stone_cliff_202608150830.jpeg","image/jpeg","1028762","Common",""
"0779","1J-j-fHMhjkLNBgikimmf0BGz4o5ouI3u","Water_spirits_dancing_over_lagoon_202608150846.jpeg","image/jpeg","753979","Common",""
"0780","1j-QQ30u_Sb7eq7q1TJfaInd0bbrmCwHU","Three-headed_wolf_howling_in_temple_202608150838_3.jpeg","image/jpeg","732374","Common",""
"0781","1j07PiHOZW9xuzeqRlXHgZn217_CHqx54","Giant_three-headed_wolf_standing_202608150830.jpeg","image/jpeg","774590","Common",""
"0782","1j1qEYBG6jFISwxnUEi2uN7FERhIBRS-6","Three-headed_wolf_looking_at_sea_202608150841.jpeg","image/jpeg","897951","Common",""
"0783","1j29lr5KW-pqTyU0wqOEHd7WCuOU5LXZw","Shield_releasing_wave_calming_la…_202608150832.jpeg","image/jpeg","789087","Common",""
"0784","1J3vGgzo4VcwQQDNhP1hH8G2WbsppoCmg","Stone_path_into_cosmic_ocean_202608150831.jpeg","image/jpeg","938785","Common",""
"0785","1J44wTLoI15jBGheNhWbbWgRAusLhsQ3m","Three-headed_wolf_running_across…_202608150832.jpeg","image/jpeg","943406","Common",""
"0786","1j69r9OvNPxN4oq98Qwro4DuGIv-CeWL_","Hand_holding_glowing_obsidian_key_202608150846.jpeg","image/jpeg","854929","Common",""
"0787","1J8ZWiPd-jrJmmkHp1CuvB-S7Fbh-5y4c","Stone_tablet_with_wolf_carvings_202608150840.jpeg","image/jpeg","1031491","Common",""
"0788","1j98263DeMPu2bJtuXV7p2tRxILj4VTCx","Earth_giant_walking_through_forest_202608150842.jpeg","image/jpeg","1016528","Common",""
"0789","1J9F64Xx3LYqPTunAD1HAZPDE2ZLs_9A0","Abandoned_factory_on_riverbank_202608150836.jpeg","image/jpeg","843284","Common",""
"0790","1Ja005wzntITR6CYJi6ZY80vLbabMnOtU","Fire_Frame_on_blackened_ground_202608150842.jpeg","image/jpeg","949383","Common",""
"0791","1jbjDz1_xWOz-XU14dYOTHofX2NjSZ4d3","Three-headed_creature_surrounded…_202608101042.jpeg","image/jpeg","786981","Common",""
"0792","1jbjg0_3CTT2w2aLcj8o3-HMeY6D2iy7E","Man_carrying_lance_202608150833_3.jpeg","image/jpeg","886692","Common",""
"0793","1jbZLkMLS-4qFScyT6XvoUHA_MD_hYubm","Three-headed_wolf_walking_in_water_202608150840.jpeg","image/jpeg","798424","Common",""
"0794","1JC2zLiDO4MSyjn25NPkIi5m7BOIVG4Sc","Boat_navigating_through_glowing_…_202608150830.jpeg","image/jpeg","820534","Common",""
"0795","1jcRuUTt9gdcSh58_vkKsA4lb0tRW6Hqc","Man_sitting_on_boat_deck_202608150831_3.jpeg","image/jpeg","893364","Common",""
"0796","1Jd80E5lgjkhBFQr62trnsItIrhEbKu68","Thrinwulf_head_silhouetted_again…_202608101045.jpeg","image/jpeg","707928","Common",""
"0797","1jdYW4XxDDE03y8aYgzTF2mMwnXS_DdGv","Three-headed_wolf_ready_for_battle_202608150837.jpeg","image/jpeg","796630","Common",""
"0798","1Jez22JntdtwYEPQ-D9MVH4NW1U5yCynT","Three-headed_wolf_howling_202608150840.jpeg","image/jpeg","739877","Common",""
"0799","1jFHWv6SsFT9VImedTJCawdvwnTSq1Ec9","Boat_passing_beneath_stone_archway_202608150846.jpeg","image/jpeg","864432","Common",""
"0800","1jH_-_T1Vg1kOJJ9uRitm6XdbWbh_v8Nz","Stray_wolf_walking_twilight_rive…_202608101044.jpeg","image/jpeg","872207","Common",""
"0801","1jI60oVVoYm8cxm8ikxo3KE8tmH4jqPSt","Three-headed_wolf_swimming_throu…_202608101042.jpeg","image/jpeg","791267","Common",""
"0802","1jiHFkXPrBao1z4coY3ranuvUzaazt7kp","Woman_swimming_in_aquatic_temple_202608150830.jpeg","image/jpeg","799530","Common",""
"0803","1jirGO-1VLn-1Eg2S7YxvCk49t06Ial6z","Village_raising_hands_toward_cre…_202608101046.jpeg","image/jpeg","792841","Common",""
"0804","1Jj3ergxqJmKsg0BE6NijeURKzLDae4mB","Noemi_healing_wounded_Nicolas_202608150832.jpeg","image/jpeg","895648","Common",""
"0805","1JJadLjWoHehBtrVdW-MpZiGW7twzmNRG","Giant_wolf_standing_on_ridge_202608150835.jpeg","image/jpeg","828195","Common",""
"0806","1JJFpcT1_ighAdWNPhJEf9u_i5YTx_hoq","Figure_walking_along_river_emban…_202608101045.jpeg","image/jpeg","831400","Common",""
"0807","1jJjLe5bdnT113RZLgifaoRiih9qPTlA6","Three-headed_wolf_looking_at_camera_202608150840_2.jpeg","image/jpeg","798603","Common",""
"0808","1jKiHmKQxIYdNXLMkfpJBqHl4vyxJUzTb","Po_River_Delta_flowing_sea_202608150844_2.jpeg","image/jpeg","947063","Common",""
"0809","1JKO-s1MXvtgkuM9IP_-Vg33STUgG9eFk","Girl_kneeling_on_muddy_ground_202608101044.jpeg","image/jpeg","714012","Common",""
"0810","1JLAlBZRdt8Yvic7rc95JZWBmzChD_8uz","Primordial_river_flowing_from_mo…_202608101046.jpeg","image/jpeg","843671","Common",""
"0811","1jmIiKqI1xLrVy2ePcOTE1WkhAqEAfHjx","Searchlights_cutting_through_riv…_202608150846.jpeg","image/jpeg","841609","Common",""
"0812","1jnueokjFjfpXO2cDR-PtMMTqWivJgzVZ","Pups_wrestle_on_root_202608101045.jpeg","image/jpeg","953881","Common",""
"0813","1JO7X5HpWm4X2kUqsc2q4ypveIlRxB6di","Stone_pillar_reflecting_cosmic_dawn_202608150834.jpeg","image/jpeg","835870","Common",""
"0814","1Jp6zvanV9Ej_GoWxHEl11qMmd-SS5eBZ","Searchlights_scanning_desolate_m…_202608150835_2.jpeg","image/jpeg","830715","Common",""
"0815","1Jp8a9YOak2c7EAir0m4C_xLRSYQQsW80","Noemi_staring_at_horizon_202608150835.jpeg","image/jpeg","995023","Common",""
"0816","1JpLcPsePyqS2tMtue2cyx2SFFh8D9mcd","Three-headed_wolf_running_throug…_202608150832_2.jpeg","image/jpeg","777630","Common",""
"0817","1Jpsr-2JSO_p7CTjhsFgk9iwJvtw5Fy3k","Three_headed_wolf_looking_forward_202608150838.jpeg","image/jpeg","916285","Common",""
"0818","1jQ5Pni_cg8AeMU6DXq1g_FzKaKY7ByUc","Three-headed_wolf_howling_in_mist_202608150833_2.jpeg","image/jpeg","718666","Common",""
"0819","1JQHmbx4cVi1lEqb5dZlK7cLE0uCTbvQq","Three-headed_wolf_running_202608150839_2.jpeg","image/jpeg","823967","Common",""
"0820","1jqUFzFzv-Vcynxctc2Trwy2cA9_d6hO7","Noemi_staring_at_river_horizon_202608150831.jpeg","image/jpeg","934986","Common",""
"0821","1jRCMcqoKogs7ay779BibIe4UX6sh0sjH","Wolves_reuniting_around_lost_pup_202608101043.jpeg","image/jpeg","899070","Common",""
"0822","1JrTydghCOeO4vFXojZXKSToVF1XAdQWG","Black_smoke_rising_from_machinery_202608150846.jpeg","image/jpeg","903197","Common",""
"0823","1jseStzbfpWj1mRYPxfMnkyw2fqYBPhQ2","Charred_tree_trunks_in_fire_202608150836.jpeg","image/jpeg","833477","Common",""
"0824","1jtn_TSxquEBbTfCYE94TtbHqOWD3sSwr","Three_headed_wolf_running_202608150845_3.jpeg","image/jpeg","751156","Common",""
"0825","1Ju0ZGII4RSYDRb9WpMDTRGpg3IHOxsvA","Rusted_gear_glowing_in_river_202608150838.jpeg","image/jpeg","1021317","Common",""
"0826","1JUdI4yjiTB288931fYyXQp03KwpKl-0W","Three_headed_wolf_looking_forward_202608150840.jpeg","image/jpeg","930252","Common",""
"0827","1jUfui_XkTrECn3akEK1wohbLnIFJSFW7","Water_reflecting_on_submerged_ruins_202608150842.jpeg","image/jpeg","941570","Uncommon",""
"0828","1jUmzq_b5BaT70Y3MvtjvO5OyE2ZEtlS9","Abandoned_iron_factory_on_riverbank_202608150834.jpeg","image/jpeg","933553","Uncommon",""
"0829","1jw1Bb3MpyceqQ5BcWG7B77nP9L6BtHqz","Po_River_flowing_into_sea_202608150842.jpeg","image/jpeg","1064525","Uncommon",""
"0830","1jYbLVd5CJWH7MmM61PPkBagA8iti6TAv","Water_reflecting_on_stone_ruins_202608150845.jpeg","image/jpeg","1014264","Uncommon",""
"0831","1jyIcXkrwfyyJ5F-dirUu_Baam3cq2wX8","Three-headed_wolf_in_mud_flats_202608150846.jpeg","image/jpeg","704304","Uncommon",""
"0832","1Jz01H8swAHeEgon24zy9iZVTDL9ryKYj","Lanterns_glowing_in_village_fog_202608150841.jpeg","image/jpeg","685910","Uncommon",""
"0833","1JzismE-Y5Zi5Nq3J171sc26bspK5viFv","Three-headed_wolf_running_202608150840.jpeg","image/jpeg","861459","Uncommon",""
"0834","1k_0UDlbFqzsaXpaUOoX_Fk-djlEZkdVF","Three-headed_wolf_walking_throug…_202608150833_4.jpeg","image/jpeg","716549","Uncommon",""
"0835","1K-wkj3Q3e5IYxx0lPFYzjz8YLHna3Q8W","Cyan_particles_rising_from_lagoon_202608150846.jpeg","image/jpeg","691961","Uncommon",""
"0836","1k0q17wReuqhi8E2_w-xxnfiNFa-iZjq3","Fireplace_glowing_inside_wooden_hut_202608150833.jpeg","image/jpeg","1026523","Uncommon",""
"0837","1k0wEggrQAjSOwhA1r1_qaXpHAZU1mOW9","Woman_holding_glowing_gold_compass_202608150836.jpeg","image/jpeg","777140","Uncommon",""
"0838","1k26iOguMU4JgC76bv1UTjo_5tpH-qlHv","Wolves_howling_under_cosmic_sky_202608150831.jpeg","image/jpeg","919395","Uncommon",""
"0839","1K3AMsxRfYT4dEBZSm5Z5YkqrH8BfZ_sq","Old_man_placing_offering_202608101042.jpeg","image/jpeg","731600","Uncommon",""
"0840","1k4DCez9XgCsjl73UL-js1e4SyikveefL","Three-headed_wolf_howling_202608150835_2.jpeg","image/jpeg","617987","Uncommon",""
"0841","1K4UDujxE7rlDSJU_8b-8vrEdLgl_cA6n","Smoldering_reed_stalk_and_smoke_202608101042.jpeg","image/jpeg","733166","Uncommon",""
"0842","1k4W0MsepmtPhLchgyWajQX3kD3H5STlX","Three-headed_wolf_walking_throug…_202608150833_3.jpeg","image/jpeg","718343","Uncommon",""
"0843","1K5doiG6CEiowcMdhNTOZWs7RJmUOm8Cy","Three-headed_wolf_running_river_…_202608150843_2.jpeg","image/jpeg","906432","Uncommon",""
"0844","1K7gzvH2280k-GDlxzw9tw-FNqvg9wPsv","Elderly_monk_walking_along_river…_202608101046.jpeg","image/jpeg","816411","Uncommon",""
"0845","1k7oxIWErqRKZ_AeRzphMW8J6g6ygDwUy","Three-headed_wolf_emerging_from_fog_202608150847_2.jpeg","image/jpeg","786382","Uncommon",""
"0846","1k88gZNcwAb4CfnKeSEI4KjDEljCvWUQR","Sailboats_sailing_through_delta_…_202608150836.jpeg","image/jpeg","880275","Uncommon",""
"0847","1K8PH3hvfalnNPbhclq03C6cBzEnRFx2R","Three-headed_form_reflecting_in_…_202608101047.jpeg","image/jpeg","904977","Uncommon",""
"0848","1K9HXW4k8ujmrimpA7w0sDqX2Lxfjrv_n","Rusted_gate_in_misty_swamp_202608150832.jpeg","image/jpeg","962358","Uncommon",""
"0849","1K9kWDkoEXHl2c0zSKCxBZZbPi0mbTbUU","Merchants_pausing_at_barge_market_202608101042.jpeg","image/jpeg","933509","Uncommon",""
"0850","1K9MTh3qasJJ9Ot0ChigtYonsaLai75DI","Oak_roots_glowing_with_energy_202608150843.jpeg","image/jpeg","941224","Uncommon",""
"0851","1kaEXQ9NHl84k8sjKqv5__ImQN2W_Jfdz","Portrait_with_determined_gaze_202608150840.jpeg","image/jpeg","956243","Uncommon",""
"0852","1kbnQ3uSadz6sAzJFrBdJd3xJKYpUXr7Y","Three-headed_wolf_in_foggy_lagoon_202608150830.jpeg","image/jpeg","735187","Uncommon",""
"0853","1kCFNCXw6fQMzF83EVnCqSB3-GdSYKzYC","Po_River_Delta_flowing_into_202608150832.jpeg","image/jpeg","1175769","Uncommon",""
"0854","1kcP9kqACjFprR55VJUngz1U3-k86-BA_","Wolf_spirit_engulfed_by_fog_202608101042.jpeg","image/jpeg","677230","Uncommon",""
"0855","1KD8ioXRzRrb6E9PN3SX8Lz6ZI7a6XRCS","Shipwreck_mast_pointing_at_nebula_202608150831.jpeg","image/jpeg","774375","Uncommon",""
"0856","1KeYShsE5B14zVKCNP-30j9IFOySRWnzK","Staircase_leading_into_submerged…_202608150840.jpeg","image/jpeg","869577","Uncommon",""
"0857","1KfI5doxnGZJjyOTGgpsb237H4KdZoO5N","Three-headed_wolf_running_202608150836.jpeg","image/jpeg","863060","Uncommon",""
"0858","1KFL8Y-P_-hE3rS-eExdEfKn2-g9x8lKE","Three-headed_wolf_standing_in_te…_202608150834.jpeg","image/jpeg","922862","Uncommon",""
"0859","1KFnmeaPVSbJh9tFk7Lys0-6gz_h5JXnq","Three-headed_wolf_standing_on_cliff_202608150830.jpeg","image/jpeg","845654","Uncommon",""
"0860","1KG5QUzLAHjZHbl8AInqZbo6li1SlFF-P","Water_shield_blocking_mud_splash_202608150833.jpeg","image/jpeg","862770","Uncommon",""
"0861","1KGH2byENSId6Z_HjqVP-YjN9yD92qxDp","Fierce_creature_growling_with_gl…_202608150835.jpeg","image/jpeg","942165","Uncommon",""
"0862","1KgppGsZsHCcdYK2GBDkIfdPUVfEvvCa4","Golden_runic_stone_in_reeds_202608150831.jpeg","image/jpeg","858370","Uncommon",""
"0863","1kIfFWNjZyEM2CNthC3bWBmjhPIMRluj8","Pilgrim_poet_standing_by_river_202608101044.jpeg","image/jpeg","798915","Uncommon",""
"0864","1KITK8EpStMKfP0hIUXxrTNm2BbfnmRPF","Glowing_wolf_shape_over_water_202608101045.jpeg","image/jpeg","869206","Uncommon",""
"0865","1kkpzE3Cu5bRqKq43h0JgHoV1pXBk0gz0","Earth_Giant_raising_stone_fist_202608150841.jpeg","image/jpeg","981581","Uncommon",""
"0866","1kkQUd0Lzhauj6wVaP1zbxedzsIb24jAa","Villagers_gathered_by_riverbank_202608101047.jpeg","image/jpeg","833681","Uncommon",""
"0867","1Kl2KKbmhV2drzoPLm520tTQrlhaxmDN_","Three-headed_wolf_howling_in_mist_202608150833.jpeg","image/jpeg","853157","Uncommon",""
"0868","1kLtWL_47tYn_SsJQEnOYCVW-bCWgEVBn","Three-headed_wolf_emerging_from_fog_202608150832_2.jpeg","image/jpeg","700290","Uncommon",""
"0869","1KMFvnF9EXtxhLbwe1dcIIsJ6rAa7E-GD","Three-headed_wolf_howling_on_emb…_202608150831.jpeg","image/jpeg","748598","Uncommon",""
"0870","1Kmh6P5Z9bBNixLyqksk1FUUL7ZXfwlGY","Elderly_monk_painting_manuscript_202608101046.jpeg","image/jpeg","890072","Uncommon",""
"0871","1KMiAVs5NeFMWoNQ3hRUYcC8BIyBU8jNr","Three-headed_wolf_standing_by_river_202608150844.jpeg","image/jpeg","838234","Uncommon",""
"0872","1KnAZT42uRbAbI-EjAEfb4w0NCe859oRb","Ilario_watching_spirit_wolf_202608101046.jpeg","image/jpeg","734971","Uncommon",""
"0873","1knT8tRFj2oGrpIkY9IXMkgv_GtABl-FP","Thrinwulf_running_with_wolves_202608150830.jpeg","image/jpeg","950412","Uncommon",""
"0874","1KNVgdfR9MhrPw1NphNJX4wzYeohntpq0","Blue_eyes_reflecting_cosmic_horizon_202608150836_2.jpeg","image/jpeg","1001916","Uncommon",""
"0875","1kp0PPPuo2JSiG54DksS3w5SJ-IOlqc9f","Thrinwulf_standing_on_sandbank_l…_202608150836.jpeg","image/jpeg","850220","Uncommon",""
"0876","1kP3kNDtka4DP348FRhyaj7Az4s-GtWxE","Thrinwulf_standing_against_light…_202608150836.jpeg","image/jpeg","881225","Uncommon",""
"0877","1kP5eaPtueGNCSzmeNyQX_Wb4nVZZQMLR","Searchlights_scanning_desolate_d…_202608150833.jpeg","image/jpeg","879816","Uncommon",""
"0878","1Kpf6zcHoTpggT0qpPZH2gwdIWxQ859rK","Pilgrim_sleeping_with_dog_202608101043.jpeg","image/jpeg","804250","Uncommon",""
"0879","1Kpyc4QLpEXjHLZifCgMgxIKRKucm4Vew","Elderly_monk_dissolving_into_mist_202608101046.jpeg","image/jpeg","820538","Uncommon",""
"0880","1KQO0O79PfGib95kFgFRIt-O8La_p37dp","Empty_wooden_boat_drifting_202608101042.jpeg","image/jpeg","672998","Uncommon",""
"0881","1KrFnGDEgo6pITu3DYKW90JgXbh93zj3A","Runic_circle_carved_in_floor_202608150832.jpeg","image/jpeg","874929","Uncommon",""
"0882","1kRM1nNtTJ-EXmteO9Q_r7o2ExK1pz17O","Volcanic_fire_destroying_iron_fo…_202608150839.jpeg","image/jpeg","953379","Uncommon",""
"0883","1ksm1focTz4eOcgb23S9K-otbaOj9l32E","Three-headed_wolf_on_river_emban…_202608150835.jpeg","image/jpeg","800705","Uncommon",""
"0884","1kSU72dmbAXXXgF5x5evQWnulUjZiQwqF","Three-headed_wolf_ready_for_battle_202608150846.jpeg","image/jpeg","660061","Uncommon",""
"0885","1kT69q9ezZKVG7BCBzBfSywygIpVl-_en","Three-headed_wolf_in_reed_fields_202608150841.jpeg","image/jpeg","808137","Uncommon",""
"0886","1KtBS2OeU4RIt2TKtDPbQ8r6nAO4eJ5lj","Stone_pillar_reflecting_cosmic_dawn_202608150832_2.jpeg","image/jpeg","905350","Uncommon",""
"0887","1kTiCYB7BggaGc2SazGV1NTk0QH2sMzP_","Polishing_silver_wolf_amulet_202608150844.jpeg","image/jpeg","809613","Uncommon",""
"0888","1kuEsuOKvzP6WeqTg4AezBcogi59sPIbn","Three-headed_wolf_standing_in_mud_202608150839.jpeg","image/jpeg","747824","Uncommon",""
"0889","1KUHD7ilwl_b238gTsSyzwvTan4-JO4CN","Three-headed_wolf_walking_throug…_202608150831_3.jpeg","image/jpeg","792640","Uncommon",""
"0890","1KUqvSqgAceG18GAQK5KO_4MR0bpzeDk8","Black_smoke_rising_from_machinery_202608150835.jpeg","image/jpeg","883520","Uncommon",""
"0891","1Kuwa-52QtqDSxKj3e57yMyX1LjqSPW_N","Three-headed_wolf_running_in_marsh_202608150835.jpeg","image/jpeg","832881","Uncommon",""
"0892","1KwARuzsUjWXG1tnt7hIOGAspZifayVm-","Three-headed_wolf_walking_in_river_202608150838.jpeg","image/jpeg","793978","Uncommon",""
"0893","1KyOlORDx9zJZcnqsTKhNErdl_Pzw24Pz","Spirit_wolf_rising_from_water_202608101042.jpeg","image/jpeg","836835","Uncommon",""
"0894","1KZlcNPfPFtsvaRWqhveU_A_IhnNL32rO","Three-headed_wolf_howling_202608150838.jpeg","image/jpeg","645579","Uncommon",""
"0895","1l_6M67z5pw3rmDTlop6j_96z-59kKqBB","Creature_in_marsh_fog_202608101042.jpeg","image/jpeg","833856","Uncommon",""
"0896","1l_mA1s7jrJxEEIowHxLau5kVu-7TyuEu","Three-headed_wolf_standing_in_ruins_202608150836.jpeg","image/jpeg","840809","Uncommon",""
"0897","1l_WxzYlgigHAmMWHlgL8Fmp-BtQeribJ","Silver_wolf_medallion_in_swamp_202608150838.jpeg","image/jpeg","888791","Uncommon",""
"0898","1L-EO7P71Dd3Av40RWI5htx6qXXNV9Voy","Elder_inspecting_strained_embank…_202608101047.jpeg","image/jpeg","926689","Uncommon",""
"0899","1L-Gn7iFSmMIQ1bVv-mCDvb6RrselLGux","Three_headed_wolf_standing_dominant_202608150834.jpeg","image/jpeg","781666","Uncommon",""
"0900","1l0jacaMmpFfR2lgB7lbEQxOkEmaBAElS","Portrait_illuminated_by_blue_light_202608150835_2.jpeg","image/jpeg","848477","Uncommon",""
"0901","1L4nB26ddHFDN8zYRDveHMHl8MHfcSNu0","Waves_lap_submerged_bell_tower_202608101044.jpeg","image/jpeg","880465","Uncommon",""
"0902","1l6NDzSd6rV_UTUjfIDkGTomGZQ6cGDm4","Villagers_gathered_around_fire_202608101045.jpeg","image/jpeg","798649","Uncommon",""
"0903","1l6OI-XkXRu9BFVlJUMoWZH5QmkFwB7uw","Three-headed_wolf_ready_for_battle_202608150834_4.jpeg","image/jpeg","753284","Uncommon",""
"0904","1l9Tfw0QmGgVzpEC-F527fSkNZvoyhU2K","Three-headed_wolf_running_throug…_202608150843_3.jpeg","image/jpeg","782497","Uncommon",""
"0905","1LAd3CgHN94oI8ktBIo4Gl5LGSQxvtSxE","Three-headed_creature_turning_heads_202608101045.jpeg","image/jpeg","742053","Uncommon",""
"0906","1LAqj1fDMC89l61KiBElkP5saDV6opiDl","Three-headed_wolf_battle_pose_202608150831.jpeg","image/jpeg","883767","Uncommon",""
"0907","1LaxLgqvMfiz7_JoQdzrXnbJXlU2FaolK","Three-headed_wolf_howling_202608150837.jpeg","image/jpeg","843202","Uncommon",""
"0908","1lbtApKl80SKA4ER4f2MzZmpTG-lc4WdI","Three-headed_wolf_ready_for_battle_202608150832_3.jpeg","image/jpeg","733956","Uncommon",""
"0909","1lBtjoSVfw3O5Np054z0-rqmsWKK7rowm","Wolf_overlooking_river_and_sea_202608101045.jpeg","image/jpeg","898687","Uncommon",""
"0910","1lCT5io2RnGjT0g1mqbr-VgKU3Aq6r9XM","Three-headed_wolf_howling_in_mist_202608150831_2.jpeg","image/jpeg","726523","Uncommon",""
"0911","1LD2hKDH18-YuhFYQPTwJPU0jzdPt3DgZ","Iron_factory_by_river_202608150835.jpeg","image/jpeg","932458","Uncommon",""
"0912","1lenK8ANY0Ayeg7e1L5W4uS-iUvMpXyOA","Three-headed_wolf_walking_riverbank_202608101042.jpeg","image/jpeg","766848","Uncommon",""
"0913","1Lfichx9Qth1g9rDeIPB2F4z2tT-kQWYN","Thrinwulf_pausing_at_water_edge_202608101042.jpeg","image/jpeg","728381","Uncommon",""
"0914","1Lfo2fwP0B24Ne5hDdCj2Uo1g5JfvLDrD","Three-headed_wolf_in_marshland_202608150846.jpeg","image/jpeg","765692","Uncommon",""
"0915","1LgrGwImKx79NA0vBxb3ZztnS7po7E53r","Villagers_fleeing_floodwater_in_…_202608101043.jpeg","image/jpeg","884953","Uncommon",""
"0916","1LHeu9T632CdKeQavBw6bdFnjIfDpkq77","Three-headed_wolf_emerging_from_fog_202608150846_5.jpeg","image/jpeg","720106","Uncommon",""
"0917","1lHjnhElHcjjQmPKkeysRpNBguOE-iyEV","Three-headed_wolf_emerging_from_fog_202608150846_6.jpeg","image/jpeg","799738","Uncommon",""
"0918","1Lhzm_Vclo_J9KI4sH13STrMhdAvIl2bh","Po_River_Delta_flowing_sea_202608150845.jpeg","image/jpeg","1063945","Uncommon",""
"0919","1LiAsI-g8QS4d2L3BjWRXM1A6H5y0GQfO","Water_reflecting_on_stone_ruins_202608150832.jpeg","image/jpeg","791067","Uncommon",""
"0920","1lizDof9au5qHXg2U9Y-namFHKlo7SV10","Water_portal_opening_in_lagoon_202608150838.jpeg","image/jpeg","965007","Uncommon",""
"0921","1lJ40vovoCKDRM3BurcJt7P0sJjpAOogg","Wooden_boat_tied_to_pier_202608150845.jpeg","image/jpeg","982351","Uncommon",""
"0922","1LjJSmsnKv8xmu1ZjIrdVYBqsIWvdLvpH","Black_wolves_running_on_snow_202608150831.jpeg","image/jpeg","769752","Uncommon",""
"0923","1lJVVZ-VFpSxQLsN4suPBYqI_lRov1XOG","Golden_roots_on_sandy_island_202608150836.jpeg","image/jpeg","1052756","Uncommon",""
"0924","1lkj97StF62ipeIIjb0skA3DBlJn-3ZiI","Shield_of_Water_calming_lagoon_202608150845.jpeg","image/jpeg","830295","Uncommon",""
"0925","1LLyiZHx7KqcXqlHlWVo-1KCDNMfLcqgx","Wolf_spirit_engulfed_by_fog_202608101047.jpeg","image/jpeg","800636","Uncommon",""
"0926","1lM1gGndhVGLMk7xPsngD35-NYqXobpHT","Elderly_storyteller_touching_lis…_202608101047.jpeg","image/jpeg","956174","Uncommon",""
"0927","1lnUoi1BPhUq-f8j4RvomeGmie3rUuPK9","Submerged_ancient_temple_in_lagoon_202608150839.jpeg","image/jpeg","884712","Uncommon",""
"0928","1LOcAGVXQb79O1zoKUjyT21V-PGqeBrOo","Thrinwulf_standing_on_cliff_202608150835_3.jpeg","image/jpeg","1089725","Uncommon",""
"0929","1LoWvC8O9iBLOnDPBXxJjP4bHW8YXSz6Z","Emerald_runic_circle_on_stone_202608150840.jpeg","image/jpeg","931602","Uncommon",""
"0930","1lPBF60SOPoOA1FWOgLQCSDsj2KBroG16","Crystalline_water_sphere_reflect…_202608150840.jpeg","image/jpeg","922434","Uncommon",""
"0931","1lpxFeDBofaZR802qgRoR0X-9zwDfHgsz","Thrinwulf's_Hunger_head_lunging_…_202608101044.jpeg","image/jpeg","893502","Uncommon",""
"0932","1lq93Ll3nvfMcMKapcJ0WlZ-s7KAZrgtE","Noemi_healing_wounded_Nicolas_202608150833_2.jpeg","image/jpeg","931419","Uncommon",""
"0933","1lqeKPRdhQpCpIWhGpcea7OMZ6SzpW7FU","Pilgrim_poet_standing_at_river_202608101046.jpeg","image/jpeg","785668","Uncommon",""
"0934","1LrtJd_nQde4Z8IEHM0gc-f1bTtq6RWLK","Three-headed_wolf_walking_in_water_202608150834.jpeg","image/jpeg","811656","Uncommon",""
"0935","1Lsi2bbd1eXlhyBsp1rfaSQA9lqrtTdkT","Violet_eyes_reflecting_moonlight_202608150846.jpeg","image/jpeg","894061","Uncommon",""
"0936","1LsYZ3x5KLHQyXU383lsv4Wawt_s6An07","Three-headed_Thrinwulf_sleeping_…_202608150841.jpeg","image/jpeg","1064387","Uncommon",""
"0937","1lvH7PGe45kqQRDjHJvLtPTrAEerjd6xC","River_meeting_salty_sea_202608101046.jpeg","image/jpeg","1065519","Uncommon",""
"0938","1LVIo1pZBT7OI2zL_ezqbTGIfQbgfYVUD","Three-headed_wolf_in_foggy_lagoon_202608150835.jpeg","image/jpeg","655064","Uncommon",""
"0939","1LWi07GRrVaHEN0HPmlY4EsszFk3mcwly","Noemi_healing_wounded_Nicolas_202608150843.jpeg","image/jpeg","917920","Uncommon",""
"0940","1LWptG-qgdZgGRS7ueE-tMfcU6aS-IMxL","Villagers_fleeing_floodwater_in_…_202608101042.jpeg","image/jpeg","919495","Uncommon",""
"0941","1lZBETPX2QqVxjMoT_OEs7BW-AhgExe82","Monk_clutching_parchment_near_ar…_202608101045.jpeg","image/jpeg","776256","Uncommon",""
"0942","1LzHVeZ1q6L66rFhptlhflI8tz-y-PbvF","Paths_converging_toward_glowing_…_202608101047.jpeg","image/jpeg","976006","Uncommon",""
"0943","1M-kqDPA_j3QO3JfkJYYk9_HP_bIBfLut","Three-headed_wolf_standing_in_ruins_202608150842.jpeg","image/jpeg","728489","Uncommon",""
"0944","1m0YN4zb9ieNnJ7pjK6nsYd8wl2pxCW43","Po_Delta_lagoon_under_moon_202608150833.jpeg","image/jpeg","904667","Uncommon",""
"0945","1M1ERvDZzk8rba60kwSZO52WPkMX6B8mz","Pilgrim_poet_reciting_verses_out…_202608101046.jpeg","image/jpeg","853566","Uncommon",""
"0946","1m403jdawNsEfL3ZjYtosA5FVhu7oBMSp","Boat_passing_beneath_stone_archway_202608150841.jpeg","image/jpeg","904836","Uncommon",""
"0947","1M5aHspcscbMoOq97WsuAqwZ1T7oMjp5E","Lance_and_shield_on_hill_202608150836.jpeg","image/jpeg","1036985","Uncommon",""
"0948","1m7-paqiro1zc9oW-6GfSzLJi2fDpnCdS","Wolf_reaches_the_pack_202608101043.jpeg","image/jpeg","903358","Uncommon",""
"0949","1M8DejCaqOjHC_d-tQ75i43p8VfeNgaog","Three-headed_wolf_standing_dominant_202608150834.jpeg","image/jpeg","792953","Uncommon",""
"0950","1mADmKNwMC57yFt_ludaHvoT9Xreqgkft","Person_staring_at_bonfire_202608150840.jpeg","image/jpeg","906944","Uncommon",""
"0951","1MAKYrllV3gj62EjW6MCL58f6JaYExInL","Wolf_head_silhouetted_against_storm_202608101045.jpeg","image/jpeg","798127","Uncommon",""
"0952","1Mb3LrcncbQNDTgfOr6Rf1SoBQ5N5FLkI","Lance_and_shield_crossed_on_202608150838.jpeg","image/jpeg","1021146","Uncommon",""
"0953","1Mc-9mU2akOALlpBum_uDk5AgatDVG99b","Reeds_bowing_toward_shadow_202608101046.jpeg","image/jpeg","1080065","Uncommon",""
"0954","1mcwsGX8ZYZky0jseyL5sx8AqicurEptp","Companions_holding_hands_in_circle_202608150846.jpeg","image/jpeg","873190","Uncommon",""
"0955","1Me_8DYIOhJcwEEaZxXUo-n-7FE6HnYk7","Wolf_pack_traversing_mudflats_202608101046.jpeg","image/jpeg","946851","Uncommon",""
"0956","1me1_PVnGWn3wCWOD2VihQ86rpg3qGhYi","Crystalline_water_sphere_reflect…_202608150840_2.jpeg","image/jpeg","805936","Uncommon",""
"0957","1Me9osbftIJ65HmUJaQk0uuAL6lykPdfD","Thrinwulf_running_across_muddy_d…_202608150840_2.jpeg","image/jpeg","893550","Uncommon",""
"0958","1MeZQEUXcr9g8CBL89O3FAtO95xNGchR_","Nicolas_fighting_enemies_within_…_202608150835.jpeg","image/jpeg","972054","Uncommon",""
"0959","1mG5o8-fYUxpZ4xVwUcRJIQearylNim8Q","Three_headed_wolf_walking_water_202608150836.jpeg","image/jpeg","815432","Uncommon",""
"0960","1mgB5ZAmVlZFmsEWZD2LZZatPAdcIqlqR","Three_headed_wolf_ready_for_202608150833.jpeg","image/jpeg","741642","Uncommon",""
"0961","1mherpkKPoEN0NC-G7FnmHOxUi5F_PqbS","Lava_flowing_through_swamp_202608150832.jpeg","image/jpeg","907614","Uncommon",""
"0962","1MiqFQQy_V1l0-TrFqHtr4Ku4HSoWpdC8","Portal_over_delta_canal_202608150835.jpeg","image/jpeg","771142","Uncommon",""
"0963","1MKDjvF3lj2mjx4plkIz_Kaaj-uZIu2pf","Nicolas_protected_in_earth_sphere_202608150835.jpeg","image/jpeg","1032531","Uncommon",""
"0964","1MkL7Zd8uTC_PZtyK-ucZWlnrVNvmRV5g","Three-headed_wolf_howling_in_temple_202608150839.jpeg","image/jpeg","730915","Uncommon",""
"0965","1MkmDz02gNNiJgejvuYTvpBA4HSSiJvX1","River_delta_at_dawn_202608101046.jpeg","image/jpeg","1001532","Uncommon",""
"0966","1mlUT3gaMgGv3rYR4YUI4pwlASBIJlyWP","Ethereal_figure_walking_along_river_202608101042.jpeg","image/jpeg","822724","Uncommon",""
"0967","1mLUTCXm1P3NY-vnUtFhilvUPH8am7zsV","Three_headed_wolf_running_202608150838.jpeg","image/jpeg","815524","Uncommon",""
"0968","1MMA-s7I32ULZtaqr1L8caigyVD9PogUl","Stone_pillar_reflecting_cosmic_dawn_202608150832.jpeg","image/jpeg","869676","Uncommon",""
"0969","1MmgIbCO_gB45gnGfs6hrgKB0eq6zLiRk","Three-headed_wolf_ready_for_battle_202608150839.jpeg","image/jpeg","695544","Uncommon",""
"0970","1mNw0SdOdN7a65GuirZJ1baXzyWnKh-Xb","Three-headed_wolf_walking_in_water_202608150845_2.jpeg","image/jpeg","786222","Uncommon",""
"0971","1moM9Lh8PpfzGATIqGofka2D8DCvhXaJs","Volcanic_cracks_oozing_molten_lava_202608150835.jpeg","image/jpeg","936246","Uncommon",""
"0972","1Mp_e110ojRROdH-WU1Kt8MYv0KLrHjAn","Earth_giant_raising_stone_fist_202608150832.jpeg","image/jpeg","1058445","Uncommon",""
"0973","1mp0UfFjZEiiW9FBcitUPt57su9iwV6d7","Villagers_watch_silhouette_in_fl…_202608101047.jpeg","image/jpeg","771717","Uncommon",""
"0974","1mPa6dm0TG9W3XJUfcXCLlMg7M637HoBz","Water_sphere_reflecting_cosmic_n…_202608150845.jpeg","image/jpeg","864536","Uncommon",""
"0975","1mPknVsVO401hLEVcZz7mTQBc-E5ak9sl","Wind_bends_river_reeds_202608101043.jpeg","image/jpeg","1005840","Uncommon",""
"0976","1MQtSsEo4yQoruWRx1s12AqsAmbMWcPkw","Paw_prints_in_riverbank_mud_202608101042.jpeg","image/jpeg","861452","Uncommon",""
"0977","1mR_tthnHPeQhVKkz7YtR1MpmkFnuQHHg","Earth_giant_walking_through_forest_202608150834.jpeg","image/jpeg","1017260","Uncommon",""
"0978","1Mr0dOTLeqbZuFJTlXecHfMuHL-kMzPMJ","Earth_giant_walking_through_forest_202608150843.jpeg","image/jpeg","1085622","Uncommon",""
"0979","1MrlGVsqELrvqqot-acJ3qRmLQZ4Nhaht","Three-headed_wolf_looking_at_camera_202608150841.jpeg","image/jpeg","852710","Uncommon",""
"0980","1mrQf1Zyh2KyNVP8PAZKtoxj-6OoGQKsE","Three-headed_wolf_running_river_…_202608150843.jpeg","image/jpeg","693298","Uncommon",""
"0981","1Mrz3eQUco12eKClvDiPumGb5pV0kTjc8","Three-headed_wolf_running_throug…_202608150846_2.jpeg","image/jpeg","736945","Uncommon",""
"0982","1mtbqi9noJSBmaH2YRFsX0Sp03_kQb_91","Three-headed_wolf_howling_on_san…_202608150835.jpeg","image/jpeg","927917","Uncommon",""
"0983","1mTKyh1lVz4_PRcJSC14j407oVTEgRvSH","Three-headed_wolf_standing_in_ruins_202608150844.jpeg","image/jpeg","858904","Uncommon",""
"0984","1MTqPUv6_ruB9PSnSiqUEpjcKNcwOGwI_","Three-headed_wolf_emerging_from_fog_202608150839_3.jpeg","image/jpeg","712190","Uncommon",""
"0985","1MupH72NGZL7ImK4GyDTtpb9DxaQviEOP","Runes_glowing_on_tree_trunks_202608150842.jpeg","image/jpeg","941559","Uncommon",""
"0986","1MVGevi9Ia9bLB-WW7mEKf_blrLabmA-G","Three-headed_wolf_ready_for_battle_202608150836_2.jpeg","image/jpeg","739837","Uncommon",""
"0987","1Mwhmkof4_UrvCaCfdBF7uqDJ46zNBF38","Wolf_standing_at_water_crossing_202608101045.jpeg","image/jpeg","902162","Uncommon",""
"0988","1MXKUM4BRu7KUFUO95kVAbiG6gHySuE--","Water_sphere_floating_over_river_202608150842.jpeg","image/jpeg","807784","Uncommon",""
"0989","1mXNDnuOlJZ2l22YPashKVU7ZorN8DIg4","Three-headed_wolf_ready_for_battle_202608150841_4.jpeg","image/jpeg","728019","Uncommon",""
"0990","1mYwXQGohssKrCnFq8inL0xecpyUEtrHs","Portrait_of_man_with_determined_202608150836.jpeg","image/jpeg","826572","Uncommon",""
"0991","1MZeeRpCQsfVuvvXT7PC715_byaTV26Wp","Wooden_watchtower_in_wetlands_at…_202608150830.jpeg","image/jpeg","955722","Uncommon",""
"0992","1n0d0ZMnkn_Tk26zHu_m5kLi_BEatTTIs","Three-headed_wolf_running_in_mist_202608150846.jpeg","image/jpeg","683547","Uncommon",""
"0993","1n0k4XO5xIwLbAB2DTBYlEoQjCAjg50oM","Glowing_roots_on_sandy_island_202608150835.jpeg","image/jpeg","1044608","Uncommon",""
"0994","1N5dRMU3oPP4yjMIe8YDEbPjU4R4itwWr","Lightning_striking_weeping_willo…_202608150845.jpeg","image/jpeg","663522","Uncommon",""
"0995","1N9L1wCU1_RItmsoIGvwCGhP9GGgO4cAI","Mechanical_wolf_breathing_fire_202608150834_2.jpeg","image/jpeg","984578","Uncommon",""
"0996","1NaLVUtSmI1s18E8f781CebsXIFE2X8WI","Departing_figure_turning_back_to…_202608101042.jpeg","image/jpeg","773743","Uncommon",""
"0997","1nB5Ft4aa5hTGWvC5Zoe3ncvTw7bVK8Sw","Man_sitting_on_boat_deck_202608150841.jpeg","image/jpeg","938257","Uncommon",""
"0998","1NBrTUhdXcSK81Fs-hUKmZq8a81TJmAxy","Forgotten_bloodline_in_watchtowe…_202608150838.jpeg","image/jpeg","869406","Uncommon",""
"0999","1Nbzq7dEzbamwEQa2_VlKUzbPnTFvvar5","Stray_wolf_approaching_river_202608101043.jpeg","image/jpeg","878381","Uncommon",""
"1000","1NDNnd9Dqs1fU3EdBw69JdTCDm9nhYAk5","Water_seeps_through_earthen_emba…_202608101047.jpeg","image/jpeg","811501","Uncommon",""
"1001","1ndpR_T4lIFISAKWordcyWuWXZQdAqaV4","Hand_polishing_silver_wolf_amulet_202608150845_2.jpeg","image/jpeg","804415","Uncommon",""
"1002","1Ndpw_yY8wF70FLs5C8M_dS0n7nKGLI1C","Path_leading_into_cosmic_ocean_202608150834.jpeg","image/jpeg","988805","Uncommon",""
"1003","1ndycOv-rG7Gl4TWJ1YBTwLdhxTTe7O5g","Searchlights_scanning_desolate_m…_202608150830.jpeg","image/jpeg","821615","Uncommon",""
"1004","1NFq2U-Gz0XecpSAW5u6lrQWTKoNBnOUG","Industrial_barge_leaking_crimson…_202608150841.jpeg","image/jpeg","899139","Uncommon",""
"1005","1ngdHHfZbeEb3lpkQge2JOXgldRUC89VZ","Pilgrim_poet_talking_to_fisherman_202608101046.jpeg","image/jpeg","837997","Uncommon",""
"1006","1NhDaapoPNYkNaMOZe63Z9JCHmDhQLIeT","Spirit-wolf_confronting_pilgrim_202608101043.jpeg","image/jpeg","882389","Uncommon",""
"1007","1NhtYn66E5q8B1R-EXixYGxPxlsivLudU","Crystalline_sphere_reflects_cosm…_202608150831.jpeg","image/jpeg","823463","Uncommon",""
"1008","1NiC-pnYqt73U2sWmnHaZmbJ0STxkDcxl","Three-headed_wolf_looking_at_camera_202608150832.jpeg","image/jpeg","687890","Uncommon",""
"1009","1NLULwxQJetGwA0eGS7X53U0Q7GR6F5Va","Three-headed_wolf_ready_for_battle_202608150833.jpeg","image/jpeg","855039","Uncommon",""
"1010","1nMhD6Ndn-8d8s5MLTtuUxB1zxu0pKfb5","Pilgrim_walks_with_stray_dog_202608101044.jpeg","image/jpeg","864730","Uncommon",""
"1011","1NoGY2JOpyn9XfhmF3YRQR-rgiYZi92Oc","Three_headed_wolf_emerging_from_202608150844.jpeg","image/jpeg","765134","Uncommon",""
"1012","1noqUQjc-CNDAxf8vNdxXTA0NP6LJZHct","Eyes_reflecting_moonlit_water_202608150836.jpeg","image/jpeg","756747","Uncommon",""
"1013","1noU6W-4yaf9S5GV5iCcuK27MlFaOq3Je","Earth_hands_cradle_glowing_lance_202608150836.jpeg","image/jpeg","981980","Uncommon",""
"1014","1noy2jbj041WJZQRHSBU_h_VRdYcU2cr2","Three_headed_wolf_standing_dominant_202608150841.jpeg","image/jpeg","763951","Uncommon",""
"1015","1NP8S7fX3bCF1IAQ52nAPW88cKHBf5K-B","Boat_passing_beneath_stone_bridge_202608150833_2.jpeg","image/jpeg","996120","Uncommon",""
"1016","1nPhGTKE9VJjjHV6zvZRw_n6R_0_pGm12","Monks_rescuing_books_from_flood_202608101043.jpeg","image/jpeg","972877","Uncommon",""
"1017","1NpUxlwbfNFwECF9bF0umOpWBB5ziuxGe","Pilgrim_poet_walking_riverbank_202608101043.jpeg","image/jpeg","886645","Uncommon",""
"1018","1nrqRSPj-8PI8UMYuHzcS11qJiK7XiwLK","Thrinwulf_standing_on_cliff_202608150830.jpeg","image/jpeg","783728","Uncommon",""
"1019","1nrR6IpLHpbLioQgKOqKx7-erKrF-AkQX","Lance_and_shield_on_hill_202608150845.jpeg","image/jpeg","986148","Uncommon",""
"1020","1nslLeJVrOkFRix0orMK74ONhZiri_FcI","Stone_carving_of_three_wolves_202608150838.jpeg","image/jpeg","989190","Uncommon",""
"1021","1NswKTI8BClu6-FJqC1dy27OZ0FscvIlz","Three-headed_wolf_walking_throug…_202608150843.jpeg","image/jpeg","761650","Uncommon",""
"1022","1nt_BlAJdfElZs0UPcg8U5tanaibax3PI","Three-headed_wolf_running_with_pack_202608150835_2.jpeg","image/jpeg","896731","Uncommon",""
"1023","1NTq5_MVknwyZrSzhF862Iq2nW6N27sOf","Mother_carrying_newborn_by_river_202608101045.jpeg","image/jpeg","868430","Uncommon",""
"1024","1NVC2KUnydgqMEQaflXMNfuG4oOOWZEXu","Volcanic_cracks_in_charred_forest_202608150837.jpeg","image/jpeg","923152","Uncommon",""
"1025","1NVp-W60Jq16rO3cjKxFi9CgxKdlQC5yq","Three-headed_wolf_in_flooded_forest_202608150843.jpeg","image/jpeg","863194","Uncommon",""
"1026","1NW6koZNJojxLcMuEmjAmKlrhaGvnACa5","Waves_lapping_submerged_bell_tower_202608101047.jpeg","image/jpeg","787177","Uncommon",""
"1027","1NwN-9Hk6pEK34uk9wgpe_oUE2jgW7c2Y","Three-headed_wolf_in_foggy_lagoon_202608150834.jpeg","image/jpeg","776173","Uncommon",""
"1028","1nXTkUPyVSoqjLCFBA8XsFQytmjx9PlA7","Female_figure_at_river_embankment_202608101047.jpeg","image/jpeg","813083","Uncommon",""
"1029","1NYBrd4j7MoBoNUS_Jy7kQ0wGkLrO5vxp","Wolf_pack_howling_at_moon_202608101042.jpeg","image/jpeg","1084239","Uncommon",""
"1030","1nyHzpbsveO363mgKb-OqER_1gRVGC-mg","Cyan_particles_rising_from_lagoon_202608150843.jpeg","image/jpeg","851591","Uncommon",""
"1031","1nYn0Tqdf6K9P-_N62nOmkSizqD6QldZP","Three-headed_creature_bowing_bef…_202608101044.jpeg","image/jpeg","844486","Uncommon",""
"1032","1nz5ciFITBarwtgaBiXoBUYaUAIoXVpsK","Three-headed_wolf_ready_for_battle_202608150835_2.jpeg","image/jpeg","753462","Uncommon",""
"1033","1NZkSxM-SAxDO8dK_Xnp8ftDMr3MqHYj_","Stone_pillar_reflecting_cosmic_dawn_202608150834_2.jpeg","image/jpeg","878732","Uncommon",""
"1034","1o-yUgWloSyBFMh-rDdjymu5EtuRQirYV","Abandoned_iron_factory_on_river_202608150830.jpeg","image/jpeg","960306","Uncommon",""
"1035","1o2mM0s8OL0d4hW6diJ6Ju0LNErK56T_h","Luminous_echo_hovering_over_river_202608101044.jpeg","image/jpeg","810155","Uncommon",""
"1036","1O2tHA1LueR9wBM8fUsPBkNi7bEIoCc-F","Po_River_Delta_flowing_into_202608150832_2.jpeg","image/jpeg","1021642","Uncommon",""
"1037","1O3nDRU02UBiuDn7_F_AKI73wzT3-zUtE","Villagers_carrying_lanterns_alon…_202608101043.jpeg","image/jpeg","808422","Uncommon",""
"1038","1o5oCc6XwsDxr-5Q1k0QwinHsvdGrQjsQ","Thrinwulf_heads_in_floodwater_202608101046.jpeg","image/jpeg","826723","Uncommon",""
"1039","1o6YEEjltjy4kUueRU_4CY-HtKQisQdfS","Stone_pillar_reflecting_cosmic_dawn_202608150835.jpeg","image/jpeg","852686","Uncommon",""
"1040","1O9iACNUPpYHQmWdV3K-XuAHYZC2woEDX","Companions_sitting_around_firepl…_202608150844.jpeg","image/jpeg","951210","Uncommon",""
"1041","1OapzWIx-E7aUtsWALg7HAoiZmprc6FW0","Three_headed_wolf_running_202608150845.jpeg","image/jpeg","733542","Uncommon",""
"1042","1oAsJtHztgqhhnVylIsCpoVw7fCkIiJ2v","Noemi_holding_glowing_obsidian_c…_202608150837.jpeg","image/jpeg","809935","Uncommon",""
"1043","1Ob30TcVr8jytIg0X6tIqE0yNo2SUwuVn","Three-headed_wolf_emerging_from_fog_202608150846_3.jpeg","image/jpeg","737754","Uncommon",""
"1044","1OBfbAj4sSfZbEFUT-jBmcrAaB3_CdFPD","Water_caustics_on_stone_ruins_202608150839.jpeg","image/jpeg","767595","Uncommon",""
"1045","1OBu5OmxyE8Yn9RibezKMwRBWscTgrecx","Earth_hands_cradle_glowing_lance_202608150832.jpeg","image/jpeg","973884","Uncommon",""
"1046","1ocIE1Afhqq_XA6OhGYwKTSyW4Pxd3E3F","Man_sitting_on_boat_deck_202608150846.jpeg","image/jpeg","957764","Uncommon",""
"1047","1ocxhUwEz85Opsdof_5dkodZeIY4yTbwg","Po_River_Delta_flowing_sea_202608150843_2.jpeg","image/jpeg","1022270","Uncommon",""
"1048","1OD-8yc4B03-XtSqwhq7AII1pW1yW8_iB","Three-headed_wolf_emerging_from_fog_202608150834_2.jpeg","image/jpeg","705780","Uncommon",""
"1049","1ODaOI8ErNBFB9LsuIDUXWFpL2G-4Yiyo","Lance_and_shield_on_altar_202608150845.jpeg","image/jpeg","1103113","Uncommon",""
"1050","1ODCkBhnaONZgYqoHjfvQ4S9ikrOxO_0v","Three-headed_wolf_running_in_temple_202608150841.jpeg","image/jpeg","793449","Uncommon",""
"1051","1oDkFb2d5tCrWUI8te8jZ_jyFj_VFFpQG","Creature_growling_in_burning_mar…_202608150830.jpeg","image/jpeg","997976","Uncommon",""
"1052","1OdyjX_SEEgBPg6x84a1qJweOsR1r2IOf","Three-headed_wolf_walking_in_water_202608150838_2.jpeg","image/jpeg","851383","Uncommon",""
"1053","1oeFjpwep8wcRjL6G0vuSoqiwz3VGbk2b","Shield_of_Water_calming_lagoon_202608150834_2.jpeg","image/jpeg","882311","Uncommon",""
"1054","1ofIXIVIztVq03b4rWgS5le7MfjTlbS_a","Girl_walking_across_tidal_flats_202608101042.jpeg","image/jpeg","793252","Uncommon",""
"1055","1oh76m7EN08Rfc39Ln338lWxQRKt6msNt","Earth_giant_walking_sandy_valley_202608150846_2.jpeg","image/jpeg","1040588","Uncommon",""
"1056","1ohgeKw9PRolvFeTXca-nNOzsHmhqUruP","Metallic_footprints_with_red_fluid_202608150831.jpeg","image/jpeg","839850","Uncommon",""
"1057","1ohycnwzdUa4oS7i3EK0nIFItWfBJHyKU","Thrinwulf_standing_on_stone_path_202608150836_2.jpeg","image/jpeg","933735","Uncommon",""
"1058","1OhzdFlCeTueK2EtIa7STjdCzCZNISEDl","Thrinwulf_standing_amid_lightnin…_202608150837.jpeg","image/jpeg","857772","Uncommon",""
"1059","1oIG2EeLaanotNvoZBDb9rFpnCaH2itnW","Earth_giant_stomping_sand_dunes_202608150831.jpeg","image/jpeg","928584","Uncommon",""
"1060","1OInlOyDpbMTnBmGf_ZCPy7bzKoroE7cl","Three-headed_wolf_running_throug…_202608150846_4.jpeg","image/jpeg","800873","Uncommon",""
"1061","1oIqFTi1Nd9AH5WwZ7hR2WL-VOyfvA1OL","Thrinwulf_sleeping_under_glowing…_202608150831_2.jpeg","image/jpeg","998259","Uncommon",""
"1062","1ojD4Xci7T_yApJjBFU-_e_ZU3evPuPD9","Charred_tree_trunks_in_fire_202608150839.jpeg","image/jpeg","880367","Uncommon",""
"1063","1OM0bPtPTxdt10umnP7jsm9Dp1AYHsi6d","Submerged_stone_pillars_in_lagoon_202608150844.jpeg","image/jpeg","833281","Uncommon",""
"1064","1oOF4E9rH3hydqmBnQoZ9iBg-uDdwyKmR","Three-headed_wolf_emerging_from_fog_202608150846_8.jpeg","image/jpeg","834839","Uncommon",""
"1065","1OOfGSckGc1ER-0VwWl36OFswt5wFxU8D","Carving_wolf_motif_into_wood_202608150831.jpeg","image/jpeg","921524","Uncommon",""
"1066","1oP5qQ7L0Rlem4lZ92LIbpogkPP4n2_7g","Wooden_watchtower_in_wetlands_202608150832.jpeg","image/jpeg","1056445","Uncommon",""
"1067","1OPfDrFGWLnUiHymV-HUHVY67c6sY0iiS","Po_River_Delta_flowing_into_202608150836.jpeg","image/jpeg","1056772","Uncommon",""
"1068","1OPLe8d_-crp3Ab9as-XhySiP1jfwWLkJ","Thrinwulf_running_with_wolf_pack_202608150846.jpeg","image/jpeg","1084397","Uncommon",""
"1069","1oQwJo79YFHXiJPQu0idI3pcViFM3vi-j","Hand_wrapping_runic_wooden_compass_202608150844.jpeg","image/jpeg","751089","Uncommon",""
"1070","1OrQgrA_oIg50zVltZS3yH-9cQ5jeXWdt","Hand_gathering_marsh_reeds_202608150845.jpeg","image/jpeg","696023","Uncommon",""
"1071","1ORtV7fB7r_wMS8JHUPwtRMQOJzdSLw8J","Energy_streams_shooting_into_sky_202608150834.jpeg","image/jpeg","904334","Uncommon",""
"1072","1OruCvTEUleH_KBZi3g2Ide7sRmM7XH_G","Glowing_runic_circle_on_stone_202608150833.jpeg","image/jpeg","937553","Uncommon",""
"1073","1oSgMOgi7mxJemylekf5gM0jlkVyvWzse","Golden_dust_wave_sweeps_delta_202608150840.jpeg","image/jpeg","708904","Uncommon",""
"1074","1OtdJIfFuFHH0EWGZlEh3gRqsi68PreZs","Three-headed_wolf_emerging_from_fog_202608150834_3.jpeg","image/jpeg","770341","Uncommon",""
"1075","1oUhwwlYYndo-9p-C5LTHV4DrSrpS6LKK","Wooden_boat_navigating_delta_reeds_202608150838.jpeg","image/jpeg","1038257","Uncommon",""
"1076","1ovlA8PLwSkttATJf0Z9pswI95yt1A6av","Stone_staircase_leading_into_mau…_202608150834.jpeg","image/jpeg","813415","Uncommon",""
"1077","1OwlhteFCL-3IC05d6910GBPO5yHLsUi9","Reeds_bowing_toward_shadow_202608101044.jpeg","image/jpeg","879297","Uncommon",""
"1078","1oxrLxMeUdLkv_jnGQo5w6EVuAyShiCqe","Wooden_boat_navigating_giant_reeds_202608150836.jpeg","image/jpeg","1026578","Uncommon",""
"1079","1OzNg0h7TpeZ9KOWCNxe_nxPN0NhAul0G","Companions_sharing_meal_in_shelter_202608150832.jpeg","image/jpeg","1022107","Uncommon",""
"1080","1p-85IEmoP0TdCJdOv4Zm5nrvKTP8ze-U","Metallic_debris_glowing_in_sandbank_202608150839.jpeg","image/jpeg","803732","Uncommon",""
"1081","1p-lafzKSO0g-ik4Tej1FQpvebf5Fpidk","Crystalline_water_sphere_reflect…_202608150834.jpeg","image/jpeg","876508","Uncommon",""
"1082","1P0fvdsKa2v3Ctxe9nMUlKKHbQQkxwH2C","Po_River_flowing_into_sea_202608150832_2.jpeg","image/jpeg","1037854","Uncommon",""
"1083","1p13uyMIlLYhUNdA8LqgpOOM3sQ8g9UnF","Ivy_covered_iron_gate_blocking_202608150839.jpeg","image/jpeg","1035660","Uncommon",""
"1084","1P1m3Z11TTyGeJp9orWJPg7_S7ou8XNJh","Stone_pillars_in_water_lagoon_202608150839.jpeg","image/jpeg","870537","Uncommon",""
"1085","1P246ZU5vUYjId_nWu1ccr_RbCQtxyZ_3","Three-headed_wolf_running_in_mud_202608150838.jpeg","image/jpeg","709200","Uncommon",""
"1086","1p2D81aqRvec7SkmGiBREv7feCz05t_bX","Villagers_sitting_inside_hut_dur…_202608101043.jpeg","image/jpeg","858600","Uncommon",""
"1087","1P4dMCiSqn_HgpHhZqQ2k2jDsB_IEt7Xy","Three-headed_wolf_walking_throug…_202608150841_2.jpeg","image/jpeg","790748","Uncommon",""
"1088","1P4NOUlkbWP5EUrnC1LCm5cQRDYvo3RdG","Three-headed_wolf_howling_in_mist_202608150836_2.jpeg","image/jpeg","759491","Uncommon",""
"1089","1P5-yyHo26_DNhuPm9A7-Q2OgSDvOaq-f","Hand_reading_illuminated_manuscr…_202608101046.jpeg","image/jpeg","824253","Uncommon",""
"1090","1p6ldK7dt_LfZcRXQDkhALzSUY9rEur3j","Villagers_walking_along_river_em…_202608101044.jpeg","image/jpeg","831160","Uncommon",""
"1091","1p6sMc5T6oubtTTRL-5tWFWF85KfdmJmH","Wooden_watchtower_in_wetlands_at…_202608150831.jpeg","image/jpeg","901659","Uncommon",""
"1092","1p77GZlBO2uB6yKtsk4u4UI42MSnJg2Kg","Thrinwulf_lowers_heads_to_earth_202608101043.jpeg","image/jpeg","1020237","Uncommon",""
"1093","1p7JNeDZ4jRkyr5_zISfSsh3lhvpjLH8A","Monks_holding_lanterns_at_gate_202608101046.jpeg","image/jpeg","939778","Uncommon",""
"1094","1P8PX01LJmCDWp_lcWKGJP2ghTtE4PjuC","Metallic_debris_glowing_in_sandbank_202608150836.jpeg","image/jpeg","614183","Uncommon",""
"1095","1P91TkIeQE1ChiFC0TBgpLV6MPsn1Blml","Three-headed_wolf_walking_throug…_202608150833_2.jpeg","image/jpeg","787980","Uncommon",""
"1096","1P9S1RjuMVFDaLbfLF0-VMH3a4xvFVLWN","Companions_sharing_meal_in_shelter_202608150831.jpeg","image/jpeg","911327","Uncommon",""
"1097","1PA0X4s_J8vT87AC6lxG3SoXm1ZxOOUtu","Pilgrim_poet_sitting_on_riverbank_202608101046.jpeg","image/jpeg","810688","Uncommon",""
"1098","1pa9hVfLNtyI8WBUjrqvtkul55PZJwZew","Iron_factory_on_riverbank_202608150832.jpeg","image/jpeg","868420","Uncommon",""
"1099","1pakVf2Y9LlvjNSaeedkdnddJYvhvzzFO","Two_people_looking_into_well_202608150832.jpeg","image/jpeg","884301","Uncommon",""
"1100","1PAw22AD1HXMHMQxya01EuFVMJG1ixkE7","Abandoned_hut_with_empty_cradle_202608101042.jpeg","image/jpeg","890553","Uncommon",""
"1101","1pbPcApVPA_-thsickwC8PRx-jY_JOfvM","Three_headed_wolf_in_ruins_202608150846.jpeg","image/jpeg","785315","Uncommon",""
"1102","1PD_1KPgDFzshbH51LFuKGHKvscNCwrSG","Pilgrim_gazing_at_river_delta_202608101044.jpeg","image/jpeg","717435","Uncommon",""
"1103","1pDkyuw5AXdwK7NKuE53_U77hehBGt8Gs","Three_headed_wolf_running_202608150841.jpeg","image/jpeg","700879","Uncommon",""
"1104","1pF3gCWIbOsh8N9Sf-oBu4M9DZ4kRD2Ow","Golden_glow_passing_between_hands_202608101047.jpeg","image/jpeg","877781","Uncommon",""
"1105","1PgJ0ORBUqbX5PFXWAt9SMaFoR2HZqfnw","Starry_sky_over_lagoon_waters_202608150831.jpeg","image/jpeg","876415","Uncommon",""
"1106","1PHchVjXd1H7xHOG6-ZbnFSRB-t66W1JJ","Three_headed_wolf_ready_for_202608150845.jpeg","image/jpeg","864539","Uncommon",""
"1107","1PHd12zgGwD7qXD6k0nRFoWcTXeKBb1Zg","Three-headed_wolf_emerging_from_fog_202608150837.jpeg","image/jpeg","787155","Uncommon",""
"1108","1PhnPxqlD5izzUXI_dEAtim8XF2FZt5cR","Portrait_of_three-headed_creature_202608101042.jpeg","image/jpeg","833548","Uncommon",""
"1109","1PI3k5nMKFV123Bkgv9-lQdOnrVJMdcz1","Three-headed_wolf_running_202608150832_2.jpeg","image/jpeg","719873","Uncommon",""
"1110","1piVLwtSVtjzMBsCuKUI82qDTmzQMH5aF","Searchlights_over_river_barge_202608150846.jpeg","image/jpeg","841240","Uncommon",""
"1111","1pIxUqoEujB3tKQ4MaRFQ_Y7na1v9q5GK","Stone_path_leading_to_ocean_202608150834.jpeg","image/jpeg","946187","Uncommon",""
"1112","1PKvRZdcmjpkr3CkB15a3yxVMzgNxKR94","Stone_carving_of_intertwined_wolves_202608150841.jpeg","image/jpeg","961404","Uncommon",""
"1113","1pmbPmEWrqbx9JLfU3VlwcFj6Gai2nCug","Journal_open_on_wooden_table_202608150833.jpeg","image/jpeg","835959","Uncommon",""
"1114","1PmjlQQbhpR6cmXDCQTvvJKEimF69WqBT","Three-headed_wolf_walking_throug…_202608150830.jpeg","image/jpeg","807285","Uncommon",""
"1115","1pMl26U2bSlZyZ6IG4A65jiLw3LmJOa-3","Three-headed_wolf_on_river_emban…_202608150834.jpeg","image/jpeg","778868","Uncommon",""
"1116","1PMT96zge75bQjITtpyicdtStqmtqrV9a","Three_headed_wolf_in_temple_202608150839.jpeg","image/jpeg","762872","Uncommon",""
"1117","1pNNMkd8DmFZPSdTFrgP5OWVBzTpKG_oN","Three-headed_wolf_ready_for_battle_202608150845_5.jpeg","image/jpeg","705171","Uncommon",""
"1118","1PnSWw0E5ISLS3nDbgJwDUz6Qow8LaqSy","Po_River_Delta_flowing_sea_202608150832.jpeg","image/jpeg","839455","Uncommon",""
"1119","1po1Bb2_mp9gR_q0O1oSQEpNgtb8QU1ik","Companions_sitting_around_tavern…_202608150831.jpeg","image/jpeg","983865","Uncommon",""
"1120","1pP-4y3EuVoW9x6b0A3OPHnNyiUpSt51c","Violet_eyes_reflecting_moonlight_202608150839.jpeg","image/jpeg","775253","Uncommon",""
"1121","1pqd-efYbTQv8-CKSYMuoWAkvJf3QZegz","Hand_holding_glowing_obsidian_key_202608150840.jpeg","image/jpeg","734989","Uncommon",""
"1122","1pQm0LJgNdOxERF7D6J5e_SzOVdKb1DLL","Companions_sitting_around_fireplace_202608150832.jpeg","image/jpeg","935443","Uncommon",""
"1123","1PQSPop71GTR0SGy_v2nEynpGbvzG8bK1","Po_River_flowing_into_sea_202608150839.jpeg","image/jpeg","1060846","Uncommon",""
"1124","1pspNB15TvGpcNXQN9iWPVB4sM9ZH3_Qm","Noemi_staring_at_river_horizon_202608150839.jpeg","image/jpeg","966020","Uncommon",""
"1125","1Pu_f0x2c4vCGJmOkAUyUuUDGh6y-3s7J","Three-headed_wolf_standing_near_…_202608150840.jpeg","image/jpeg","992783","Uncommon",""
"1126","1PUbmFTWlXUoImwv8rCwsgsMOcUs8auDd","Three-headed_wolf_walking_in_water_202608150841.jpeg","image/jpeg","804384","Uncommon",""
"1127","1pUQt8OAU-sQVKhr6uA51d6WTHz-iY6aP","Girl_staring_at_shadowy_shape_202608101042.jpeg","image/jpeg","774768","Uncommon",""
"1128","1pUV62Qepd7Ubla5Nu71aw4fU-6UQFx49","Golden_ripple_spreading_across_r…_202608101043.jpeg","image/jpeg","871265","Uncommon",""
"1129","1pV7qcGG3D9flyBr_uPqYkEc5uQTM1LvI","Companions_sharing_meal_in_shelter_202608150844.jpeg","image/jpeg","979393","Uncommon",""
"1130","1PVFmKVQKDKWFHimZoDxbWiJ4fhBrNx2l","Earth_giant_walking_through_valley_202608150840_2.jpeg","image/jpeg","949334","Uncommon",""
"1131","1PW2n94CQ62RqLc0Ld_FuHsVjU6XMm9Zg","Hand_polishing_silver_amulet_202608150830.jpeg","image/jpeg","800322","Uncommon",""
"1132","1Pw5ipLvgdB8ThoTJQT6GzsdpUwSTC_kl","Portrait_of_man_with_determined_202608150846.jpeg","image/jpeg","827216","Uncommon",""
"1133","1pWhzCbCPmVHk7t40rmLzZ3ChyGL3DLAf","Noemi_swimming_in_aquatic_temple_202608150830.jpeg","image/jpeg","894534","Uncommon",""
"1134","1PXfz0GzMx1yVdIvBsllhNOh3CQAqsPwk","Thrinwulf_sleeping_under_glowing…_202608150839.jpeg","image/jpeg","1010904","Uncommon",""
"1135","1PY4vyTMQlNQqNCizFSiYozTV8GPCfv9I","Boy_lingering_while_listeners_leave_202608101047.jpeg","image/jpeg","690165","Uncommon",""
"1136","1Pygxk8w8IXNo7mkqawHnGjRbXD6E4KjM","Black_smoke_rising_from_machinery_202608150834.jpeg","image/jpeg","821274","Uncommon",""
"1137","1PYp05E9BNz9o2rI48hlNU9Gqm4YNIwn3","Three-headed_wolf_looking_forward_202608150841.jpeg","image/jpeg","715312","Uncommon",""
"1138","1q_vJdS5CJnri22wPgiUfC_7cCBvcVff8","Flooded_delta_village_with_bell_202608101044.jpeg","image/jpeg","720926","Uncommon",""
"1139","1q_vnUD6q6rgF9ZqAlvXZghsBqOoHsDxC","Po_River_flowing_into_sea_202608150843.jpeg","image/jpeg","1018824","Uncommon",""
"1140","1q-CcvQKI5vOrSW8ugcRYRWdDRdlyhYi_","Three_headed_wolf_howling_202608150832.jpeg","image/jpeg","734502","Uncommon",""
"1141","1Q-l2LNHePkCE3FrC8NuYpkSY46jJgkBC","Shield_of_Water_calming_lagoon_202608150840.jpeg","image/jpeg","880115","Uncommon",""
"1142","1q1CmpqDQFJif-wGmdR_cfX2xTI869xuP","Three-headed_wolf_in_temple_202608150838.jpeg","image/jpeg","780336","Uncommon",""
"1143","1q2-2yjUEd174J-QKwn2iXqtqdUJQNrn7","Villagers_rushing_to_fix_embankment_202608101047.jpeg","image/jpeg","907564","Uncommon",""
"1144","1Q2bljKqVP7SyeIhrMwoQPc-ZgS3cONiJ","Three-headed_wolf_running_in_mist_202608150837.jpeg","image/jpeg","754566","Uncommon",""
"1145","1q3-bta9prXBUA5I7q0HhheD1EpoTQ24Y","Three-headed_wolf_running_in_mist_202608150845.jpeg","image/jpeg","848889","Uncommon",""
"1146","1Q3t01BhOOsziE98zFJ7mipen_-izEXl_","Nicolas_looking_at_dawn_sky_202608150839.jpeg","image/jpeg","1006787","Uncommon",""
"1147","1q5zK5ewT8ognLJ6kK8EyFQtfxtcSgm-8","Staircase_descending_into_submer…_202608150838.jpeg","image/jpeg","926725","Uncommon",""
"1148","1Q7ZZXcWc7x0NSVNlVHBmUolAKEvmfRyl","Mother_holding_newborn_at_river_202608101044.jpeg","image/jpeg","774350","Uncommon",""
"1149","1q8rkFxYCG-vvyX5iUkx5DP1A3quf-2Be","Thrinwulf_standing_on_cliff_202608150835.jpeg","image/jpeg","913892","Uncommon",""
"1150","1QA2Iel6WtDV4wYyoTdhSGGcyJeOHEBcE","Lance_and_shield_on_hill_202608150834.jpeg","image/jpeg","982689","Uncommon",""
"1151","1QAuPF3HJsWtf_SWarvVJ0ebNK5NX7IVm","Pilgrim-poet_stepping_onto_emban…_202608101044.jpeg","image/jpeg","791687","Uncommon",""
"1152","1QBQg-BshIeLPDAJd9MCbgKdnzeS0m7Yd","Water_sphere_above_silent_river_202608150833.jpeg","image/jpeg","957928","Uncommon",""
"1153","1QcIoKXrmYZ4MXEvK1gCxEr3K0z1XEWEh","Staircase_descending_into_submer…_202608150830.jpeg","image/jpeg","927550","Uncommon",""
"1154","1QdKmX2eZUxKBswhtKifO36-jmhsr86Lt","Three-headed_wolf_emerging_from_fog_202608150840.jpeg","image/jpeg","745352","Uncommon",""
"1155","1QE3np3b9jzz8tn68gXJ9_UZTlTIHEbNH","Po_River_Delta_flowing_sea_202608150839.jpeg","image/jpeg","978031","Uncommon",""
"1156","1qfIc52cwpgIcXixGc3NfKTmK370rVyC2","Three-headed_wolf_running_throug…_202608150846_5.jpeg","image/jpeg","848554","Uncommon",""
"1157","1qhxxb5o3QV-pbylJQeaRjhzX_oYPjLxk","Glowing_footprints_in_pine_forest_202608150836.jpeg","image/jpeg","858692","Uncommon",""
"1158","1qhy1axzlGClEuy_h8Rm_K0_0yVKo7yWl","Chariot_plunging_into_river_202608101044.jpeg","image/jpeg","910421","Uncommon",""
"1159","1qIRWyuweQWBR6xxLHKhXD0LtIlmjAWnr","Scorched_reed_bed_under_sky_202608101042.jpeg","image/jpeg","800848","Uncommon",""
"1160","1QJ3Vu-lFov_seLZ4f13ninsSVq2J8hOr","Man_sitting_on_boat_deck_202608150843.jpeg","image/jpeg","989712","Uncommon",""
"1161","1QjWKaLdv8x2YkM2l38lUJlKy7J-XfduR","Man_looking_through_telescope_202608150842.jpeg","image/jpeg","869162","Uncommon",""
"1162","1QkSGgC3zrvN23xOxpUcHEpVIyU8niTFk","Earth_giant_walking_through_forest_202608150833.jpeg","image/jpeg","1174145","Uncommon",""
"1163","1qkzHOZYdjUohz_HJHN3TcSptYedBccTh","Lance_and_shield_cross_monument_202608150830.jpeg","image/jpeg","882539","Uncommon",""
"1164","1qmjuq8enW7Lm9ir4a9rN0yoFk79uiMIq","Wolf_pack_sharing_meal_202608101047.jpeg","image/jpeg","892242","Uncommon",""
"1165","1QmsEfJUwY4hukZhkI7VhnIl1b_yU58ld","Three-headed_wolf_emerging_from_fog_202608150830.jpeg","image/jpeg","651055","Uncommon",""
"1166","1QnbUPPklBT7ECNi8nM0VSSVHAfNk5GHr","Glowing_particles_rising_from_la…_202608150836.jpeg","image/jpeg","739590","Uncommon",""
"1167","1QorVIQ7pP7mvFqX5LdLnvtVON3yc5IIc","Glowing_runic_circle_on_floor_202608150832.jpeg","image/jpeg","958054","Uncommon",""
"1168","1qPiczI1f_aoUzehPWU2sVlkzGtYlFq5b","Three-headed_wolf_emerging_from_fog_202608150843.jpeg","image/jpeg","680652","Uncommon",""
"1169","1qPyurrfjqNo1xQnS3Z8HHXrEGZEanZ62","Golden_energy_streams_shooting_u…_202608150846.jpeg","image/jpeg","1075074","Uncommon",""
"1170","1qq6pKJnYqazV-MEnmUu2J4teTchjo5Fy","Hand_wrapping_runic_compass_202608150831.jpeg","image/jpeg","813002","Uncommon",""
"1171","1qTLG55ogtO1KqXWN26fHxdjN7_h4I2Lx","Stray_wolf_stopping_by_river_202608101043.jpeg","image/jpeg","872599","Uncommon",""
"1172","1QuZ7vC9Cx7Kcaqpr1gN-0cShvTQTWnib","Searchlights_scanning_desolate_m…_202608150846.jpeg","image/jpeg","740792","Uncommon",""
"1173","1qvpF_Mg4uG8-HmIsbuTmTq0G1IBNnBMA","Portrait_of_man_with_determined_202608150835.jpeg","image/jpeg","817421","Uncommon",""
"1174","1qVPp4C5vIGfkRGHd1aeyIsRW7g5-rsUO","Three-headed_wolf_walking_in_water_202608150833.jpeg","image/jpeg","845738","Uncommon",""
"1175","1QWY2ftcGS3HHpjYgDcDCRHzXZeVCFIVS","Three_headed_wolf_readying_battle_202608150836.jpeg","image/jpeg","827922","Uncommon",""
"1176","1qX_Y78LiOhuSGio7F_fXHK3na7pa_Ujl","Three-headed_Thrinwulf_sleeping_…_202608150840.jpeg","image/jpeg","1121794","Uncommon",""
"1177","1qxL5-Y-4I3x8K5Z5sxTC5mxq3llHbSll","Man_sitting_on_boat_deck_202608150831_2.jpeg","image/jpeg","973108","Uncommon",""
"1178","1Qy8dRK5cF6AHHHHHcXCLqTOZ355a1nIw","Three_wolves_nuzzling_together_202608150840.jpeg","image/jpeg","1034468","Uncommon",""
"1179","1qYLL5mpDGtf-i5Lq6QeAbhylbK6q0Trf","Three-headed_wolf_in_flooded_forest_202608150846.jpeg","image/jpeg","848915","Uncommon",""
"1180","1r_F1jeeDbo15ZLEZce9GW3bqSWl3irXb","Thrinwulf_glowing_on_riverbank_202608101044.jpeg","image/jpeg","831488","Uncommon",""
"1181","1R_t-Y1O-tj2BYe2fXHrlqqMatQF4vykH","Three_headed_wolf_emerging_fog_202608150841.jpeg","image/jpeg","757743","Uncommon",""
"1182","1R-_1949sfp6icvfbzva5yTuqcuXmAyXj","Hand_polishing_silver_wolf_amulet_202608150845.jpeg","image/jpeg","758122","Uncommon",""
"1183","1r15CGaKU5AI58TkbK6esQhkC5t4IIvds","Companions_sitting_around_rustic…_202608150834.jpeg","image/jpeg","857446","Uncommon",""
"1184","1R16qxNBCioWcJ_aC70b2Uw8v47KWBHJM","Three-headed_wolf_howling_in_temple_202608150835_2.jpeg","image/jpeg","779690","Uncommon",""
"1185","1R6jGI_QRM0UHHhkynZ9otxxWW1sgOqO6","Three-headed_wolf_emerging_from_fog_202608150830_5.jpeg","image/jpeg","713121","Uncommon",""
"1186","1R6k7zlaSbdIDzx4BBmQ0kh4hNo1g6PFY","Companions_sitting_around_fireplace_202608150830_2.jpeg","image/jpeg","817231","Uncommon",""
"1187","1R6xP7CmIgXS19oAcaXb7rCe4IeR9TTCT","Three-headed_wolf_howling_in_temple_202608150838_2.jpeg","image/jpeg","777790","Uncommon",""
"1188","1r6Z585OoDeMe7MTuV1QmviBENf7SmIcZ","Mist_rising_where_waters_swirl_202608101045.jpeg","image/jpeg","944673","Uncommon",""
"1189","1r8uN5WvJ1vocVpPbUEhklKvYjyA1KgOn","Pilgrim_poet_standing_in_fog_202608101044.jpeg","image/jpeg","719637","Uncommon",""
"1190","1r9SAgtVByGe-Q01ojKzo-qY6WKWLGxi6","Three-headed_wolf_emerging_from_fog_202608150836.jpeg","image/jpeg","759023","Uncommon",""
"1191","1rb6-iFu30Rhprdci0mtFIlFUEo8hI4vG","Determined_man_with_gold_light_202608150833.jpeg","image/jpeg","906124","Uncommon",""
"1192","1rBd7eOy-Q0iv323c4IU1y7EC-m5clkSU","Three-headed_wolf_running_near_r…_202608150835.jpeg","image/jpeg","832781","Uncommon",""
"1193","1RbEjdaxHDwxMPTx4E--UHdGTN41pQrAV","Three-headed_wolf_standing_in_vi…_202608150831.jpeg","image/jpeg","786066","Uncommon",""
"1194","1rC5UFVv5kXz5rJxsOlSGsSDbr5u9tcE4","Companions_sitting_around_rustic…_202608150830.jpeg","image/jpeg","946403","Uncommon",""
"1195","1rCRBTD_T2_jKxHxk6fuVKiKWUvaQZPYS","Silver_wolf_medallion_in_swamp_202608150843.jpeg","image/jpeg","904494","Uncommon",""
"1196","1rCTbQal-8x69iBdtLkbhxr-KmUCvBxr-","Lance_and_shield_on_altar_202608150835.jpeg","image/jpeg","979241","Uncommon",""
"1197","1rDaQkw-UIMJCNs-HNsrQhYoR5P5BshOE","Three_headed_wolf_emerging_fog_202608150839.jpeg","image/jpeg","799815","Uncommon",""
"1198","1rETnKsQ1-pEz-UmuGEJploXb7RgJllZB","Man_carrying_lance_202608150833.jpeg","image/jpeg","1009463","Uncommon",""
"1199","1RFfEnFMCshVt05hPzos5FSz9Au0POcR1","Rusted_iron_gate_in_swamp_202608150831.jpeg","image/jpeg","1076223","Uncommon",""
"1200","1rFOSBLCtmK2FhuwzT6-8oFNBwy4BDGLZ","Three-headed_wolf_ready_for_battle_202608150837_3.jpeg","image/jpeg","754720","Uncommon",""
"1201","1rGABSnGPKlGFCrPHwaf97EFqGKFS3oOb","Gold_pollen_in_pine_forest_202608150833_2.jpeg","image/jpeg","775629","Uncommon",""
"1202","1RGEICpaem_YS1dAd-1_Nqs001VXadejp","Three-headed_wolf_running_with_pack_202608150835.jpeg","image/jpeg","911128","Uncommon",""
"1203","1rgEkb6WmGmMJIasjJAsRp6XebDFG5Uci","Volcanic_fire_erupting_from_swamp_202608150836.jpeg","image/jpeg","1016192","Uncommon",""
"1204","1RGSUBYUJwI6-l__CJVpCmeJge7synqRB","Empty_village_huts_in_marsh_202608101042.jpeg","image/jpeg","825772","Uncommon",""
"1205","1rhG-gEm9oyEP5CSQjpJxjfqCINrU0rtO","Three-headed_wolf_emerging_from_fog_202608150840_3.jpeg","image/jpeg","813877","Uncommon",""
"1206","1RIastNJo0OQZPFNwqf00yYMSgov8N2LJ","Boy_listening_to_old_storyteller_202608101042.jpeg","image/jpeg","775764","Uncommon",""
"1207","1rIiKfv-kpXG85NuO5x0IgQLLVW0Y5wB1","Gold_pollen_in_pine_forest_202608150833.jpeg","image/jpeg","832914","Uncommon",""
"1208","1RiwdtZ6fT0p263FIbBgtT3NghvwdSs5p","Three-headed_wolf_howling_in_marsh_202608150839.jpeg","image/jpeg","865614","Uncommon",""
"1209","1rj8gJjCanLUdLYptWahnysvo-BAI_9B6","Monk_placing_bread_on_riverbank_202608101046.jpeg","image/jpeg","930508","Uncommon",""
"1210","1RkmWZRA1y6T0EkT6wva0lbV-7AhwJUsf","Volcanic_cracks_oozing_molten_lava_202608150841.jpeg","image/jpeg","1030961","Uncommon",""
"1211","1Rl5GlbZ6VdNwSrfxAm3ckmjix5gwbmq9","Crystalline_water_sphere_reflect…_202608150843.jpeg","image/jpeg","877973","Uncommon",""
"1212","1rLacwc76l3Vi59d9YVIiP4PK0T9RENnO","Glowing_runes_underwater_near_logs_202608150840.jpeg","image/jpeg","904598","Uncommon",""
"1213","1rLU2FUfcpOHmC13wf5yXMYOTAMtC55fu","Shield_blocking_mud_with_water_202608150836.jpeg","image/jpeg","799254","Uncommon",""
"1214","1rLXn1_UU-67ghFsX0grBJYOH3kUgEotr","Staircase_descending_into_submer…_202608150831.jpeg","image/jpeg","894423","Uncommon",""
"1215","1Rmkv_3K4UNt1Gj8anl-jyP-wqNxgCgUJ","Wooden_watchtower_with_glowing_l…_202608150834.jpeg","image/jpeg","1005791","Uncommon",""
"1216","1rpadMqbVkjgdhXEdS-SFwSbhII6Mh6yL","Thrinwulf_standing_on_sandbank_l…_202608150832.jpeg","image/jpeg","894027","Uncommon",""
"1217","1RpDq1qDJk9mSmb5uax2l8ckCSSThcuh_","Person_staring_into_glowing_fire_202608150832.jpeg","image/jpeg","891100","Uncommon",""
"1218","1rRcQnBXcIq_hCfZG6dSXjglOP08fmc5D","Man_carrying_lance_202608150846.jpeg","image/jpeg","929710","Uncommon",""
"1219","1RRebkNbZhoYGlHeIHKQ3pVYUX2OBUvl6","Three-headed_wolf-spirit_stirring_202608101042.jpeg","image/jpeg","792675","Uncommon",""
"1220","1rrQ-VgDuPkMmqH0AAGi0Z_HLM2vWuxEP","Three-headed_wolf_howling_202608150834.jpeg","image/jpeg","813763","Uncommon",""
"1221","1rRXgFZRubU4xquInFQUOpejqrvmMXEZF","Three-headed_wolf_howling_202608150831.jpeg","image/jpeg","676277","Uncommon",""
"1222","1RS2lHEz6oLb9Q-BEhDlF84W8NNAZUZLX","Companions_sitting_around_firepl…_202608150830.jpeg","image/jpeg","899239","Uncommon",""
"1223","1rSnmYGQdMIwZ3HlmO6TTwIsr8aIZeTHK","Portrait_with_determined_expression_202608150846.jpeg","image/jpeg","1013575","Uncommon",""
"1224","1rSOaCtpHKDa-O-H7PYH9zJe1iu8i8tVE","Three-headed_spirit_wolf_portrait_202608101045.jpeg","image/jpeg","794565","Uncommon",""
"1225","1RUDouP_eWHEdm5fdEvt7O4O5es-Ti4mY","Giant_wolf_leaping_across_delta_202608150830.jpeg","image/jpeg","898615","Uncommon",""
"1226","1RugG2yqgPYObrbqj43569QCkWt5Upsf4","Wooden_bridge_crossing_canal_202608150833.jpeg","image/jpeg","894512","Uncommon",""
"1227","1rVZzIz6crHCM3UD4JltpmymvV2o_THpV","Three-headed_wolf_in_submerged_r…_202608150846.jpeg","image/jpeg","859881","Uncommon",""
"1228","1rW81U4hQBshHuc3d1I13GVGzoTGu97UY","Three-headed_wolf_looking_at_camera_202608150840.jpeg","image/jpeg","722153","Uncommon",""
"1229","1rWmnoZdg8Qx9V1ZTGIEcvP1QyeQa0DBn","Three-headed_wolf_howling_in_mud_202608150844.jpeg","image/jpeg","765297","Uncommon",""
"1230","1rwXotOR2CqRkIrB40lej3P14qYRd1bHq","Silver_wolf_howling_at_stars_202608101045.jpeg","image/jpeg","899789","Uncommon",""
"1231","1rX9fVFKtwKgYtpDb346soGiqrrpqT8pR","Stone_path_toward_cosmic_horizon_202608150835.jpeg","image/jpeg","832854","Uncommon",""
"1232","1RxfCBCMg3kFFHvZ9zhJgnmrLGSkf5WVm","Mechanical_arm_in_murky_canal_202608150830.jpeg","image/jpeg","850141","Uncommon",""
"1233","1Rxh0opWoDbLreSU2bOVbtuKmANV-VdI1","Three-headed_wolf_emerging_from_fog_202608150837_3.jpeg","image/jpeg","760537","Uncommon",""
"1234","1Ryr_6WeA9wXW007M6G7AgPRhiEKXzH-p","Villagers_walk_along_river_emban…_202608101043.jpeg","image/jpeg","782457","Uncommon",""
"1235","1ryV2w00zRNaz7eelYrgqQt45EsKo_o27","Companions_sharing_meal_in_shelter_202608150843.jpeg","image/jpeg","905396","Uncommon",""
"1236","1RzZH61NWKRzhHig6R68CnZeGN-MAehxz","Three-headed_wolf_running_throug…_202608150846_3.jpeg","image/jpeg","731399","Uncommon",""
"1237","1S_4oRHJEKw3WTzSmuTNiNPFdP94BRbSM","Three-headed_wolf_emerging_from_fog_202608150839_4.jpeg","image/jpeg","740145","Uncommon",""
"1238","1S-0PCa99M--V-KxGz-4vItIgc3JUGn8z","Thrinwulf_approaching_along_rive…_202608101043.jpeg","image/jpeg","877721","Uncommon",""
"1239","1S-G4OC9ZbLFos7M7vW-HqPWfF_8FUEH5","Stray_wolf_walking_near_riverbank_202608101047.jpeg","image/jpeg","828280","Uncommon",""
"1240","1S02ZfOL1RH6ZXPwIern8n1Ol3UjDLLhu","Women_pausing_in_flooded_fields_202608101047.jpeg","image/jpeg","820610","Rare",""
"1241","1s0D19jJ9uyWSt4hZMUlHsFKoJPpIzbCw","Three-headed_creature_howling_at…_202608101043.jpeg","image/jpeg","989000","Rare",""
"1242","1s3K6e-lY1qVP_aHpID7A3Uu-GQzuzm9w","Three-headed_wolf_walking_in_water_202608150830_2.jpeg","image/jpeg","795994","Rare",""
"1243","1s4d9vucqYVEGjrBMtYqBqeWFT13QkPXp","Pilgrim-poet_gazes_at_river_delta_202608101043.jpeg","image/jpeg","794299","Rare",""
"1244","1s4tc1psh5U5S3MnD1r1BM7Xw_L9T1D8_","Boat_passing_through_misty_canal_202608150840.jpeg","image/jpeg","836025","Rare",""
"1245","1s6KTvyNparwL2lznZfi_03vEuC8YQqC8","Polishing_silver_wolf_amulet_202608150841.jpeg","image/jpeg","856549","Rare",""
"1246","1s8Jm5imGQZWwpVg56g6J5eGuPX0WMXuB","Portrait_illuminated_by_blue_light_202608150840.jpeg","image/jpeg","919561","Rare",""
"1247","1sA5WrF74xxMvpv_QepSnzxqFSEj9rNOB","Three-headed_wolf_howling_in_mist_202608150845.jpeg","image/jpeg","765604","Rare",""
"1248","1sClnQj2C6XYGigcZ-NLvPx1fPf4sA9rm","Mechanical_wolf_breathing_fire_202608150835_2.jpeg","image/jpeg","1016629","Rare",""
"1249","1ScXBFNqxyH0BkjnBiK-0yQugA_4dN30P","Three-headed_wolf_ready_for_battle_202608150844.jpeg","image/jpeg","745480","Rare",""
"1250","1sDdsbNJsHtsK9zL25BYMatJHpcu2rWj6","Three-headed_wolf_howling_in_mud_202608150842.jpeg","image/jpeg","806604","Rare",""
"1251","1SEdtrsnNAl4nHJTsB6yxQurZqiR3pu9J","Ghostly_land_creeping_into_water_202608101046.jpeg","image/jpeg","848338","Rare",""
"1252","1seFF-AqzyKxAcTnrPNXFLj_2xg4E5FPs","Wooden_boat_navigating_giant_reeds_202608150830.jpeg","image/jpeg","948607","Rare",""
"1253","1sFhxpdT3om0yml-VNe8dXSysBvAiK6w_","Three-headed_wolf_running_throug…_202608150843_4.jpeg","image/jpeg","695299","Rare",""
"1254","1sFzDr3Q_9uo0qWgDM2dwPKh3o_oV01jG","Thrinwulf_standing_on_sandbank_202608150837.jpeg","image/jpeg","934413","Rare",""
"1255","1sgPi5Cl8sN5D6tR0Fb2UurRFC15REkzM","Three-headed_wolf_on_river_emban…_202608150836.jpeg","image/jpeg","752478","Rare",""
"1256","1ShojWRaPvwEiEwYyXJJOMTIp8PHZ584r","Portal_floating_over_delta_canal_202608150834.jpeg","image/jpeg","758704","Rare",""
"1257","1skoc3H3Tycvhd0JA0gNkvWohFTGISjDX","Three-headed_wolf_walking_throug…_202608150846_2.jpeg","image/jpeg","851893","Rare",""
"1258","1SlTWoLyHICQEVX7hrTWoQEFY4NBNY2IF","Three-headed_wolf_in_flooded_forest_202608150847.jpeg","image/jpeg","849107","Rare",""
"1259","1SM_W6RG0NkmK9trW3Nvi-yvRn-gFECAq","Industrial_barge_leaking_crimson…_202608150830_2.jpeg","image/jpeg","914024","Rare",""
"1260","1sMH-c85-AWuMZTCuEObJKvIgBzTWurY_","Volcanic_cracks_in_charred_forest_202608150841.jpeg","image/jpeg","1049371","Rare",""
"1261","1snFYBx7ywfi5JOVYRGA4Y3bd76VPgZXa","Three-headed_wolf_standing_on_sa…_202608150833.jpeg","image/jpeg","935789","Rare",""
"1262","1sNnB0LDU4FQFyRExKjFuA2S8jmelppq9","Submerged_pillars_in_turquoise_l…_202608150830.jpeg","image/jpeg","932212","Rare",""
"1263","1SnYdYhnZOIkuMe_aB8zvOJ5G8Vk-d6ko","Three-headed_wolf_walking_in_water_202608150843.jpeg","image/jpeg","765162","Rare",""
"1264","1sonLldPMPQ1ZvX3kMaa936cqSohv-szW","Three_headed_wolf_running_202608150830_2.jpeg","image/jpeg","791692","Rare",""
"1265","1spDEXzf7bLlYW_zAUYgVPVuuZkK_XCNU","Studying_glowing_holographic_map_202608150842.jpeg","image/jpeg","1000574","Rare",""
"1266","1sQ1EH0bam-Y4unJefI-bOahVjT_9yeeH","Hand_wrapping_wooden_compass_202608150834.jpeg","image/jpeg","791117","Rare",""
"1267","1sRDQd259jVANq60C4mHB_c9jkKCddJ_H","Villagers_taking_refuge_from_flood_202608101042.jpeg","image/jpeg","730992","Rare",""
"1268","1st1N_kvsQ816l_1z_x_o-cfECOQ_jF8w","Nicolas_fighting_enemies_with_magic_202608150841.jpeg","image/jpeg","956883","Rare",""
"1269","1SUYAkxLSBb4H14EjfBs-XBuBCMfTLDaB","Noemi_holding_glowing_gold_compass_202608150830.jpeg","image/jpeg","800922","Rare",""
"1270","1SUYzhcuZ98nmBpjZrvBvV8SWs7y_dIeL","Three-headed_wolf_howling_in_temple_202608150830_2.jpeg","image/jpeg","672636","Rare",""
"1271","1SVBIJj_4RW-6vQqX1LkP5HlN33da8GqA","Nicolas_looking_into_glowing_well_202608150833_2.jpeg","image/jpeg","827804","Rare",""
"1272","1SVY4tGsGhQvzjCf5vmObFn4OjxDQ0zDW","Pilgrim_and_dog_sleeping_202608101044.jpeg","image/jpeg","887465","Rare",""
"1273","1swHDoAl0ipmUuK1HrQddxocq3dH9qkaQ","Towers_looming_over_dark_lagoon_202608150840.jpeg","image/jpeg","768114","Rare",""
"1274","1sWM-RH9eqrsOaStzmnegIz3LSZsS3MtN","Companions_joining_hands_around_…_202608150840.jpeg","image/jpeg","850301","Rare",""
"1275","1swpdV5Z-Vba1WAKWLrBbLTDIY5h7MT8B","Companions_sitting_by_rustic_fir…_202608150830.jpeg","image/jpeg","999616","Rare",""
"1276","1Sx9E_I9I05QM10e3ABKNecHDryIW_YhP","Stone_path_leading_into_ocean_202608150832.jpeg","image/jpeg","869848","Rare",""
"1277","1SXnIxylf8XdYQ5Lq7IlrYmqOKN3uMgWL","Three-headed_wolf_running_river_…_202608150833.jpeg","image/jpeg","753442","Rare",""
"1278","1SYccWwO7zsbNdtfE-gvBaG1TPEUDF_ms","Three-headed_wolf_howling_in_mud_202608150835.jpeg","image/jpeg","733178","Rare",""
"1279","1sZZXv7Rv-GazGCdigqrI3OrRUsBT8PtF","Lava_flowing_through_pine_forest_202608150841.jpeg","image/jpeg","940076","Rare",""
"1280","1t_9D5hGj-QGproPUvzU3f8IEitmRQ68-","Figure_gazing_at_river_delta_202608101047.jpeg","image/jpeg","849579","Rare",""
"1281","1T0bSXLm-hKi4aFfv_vH4VfjNS8rZa_nV","Wolf_heads_howling_in_unison_202608101045.jpeg","image/jpeg","853529","Rare",""
"1282","1t3Sg2Ac6DnvyxrrNBIk1l71Wy_c-SVxZ","Determined_man_carrying_lance_202608150836.jpeg","image/jpeg","954365","Rare",""
"1283","1t4IWocDsU42GFeBdjOcrPsCPLfdAeO5h","Three-headed_wolf_standing_in_ruins_202608150831.jpeg","image/jpeg","764351","Rare",""
"1284","1T7M2ur-BBhLSaQuTqgHOk9r_F114LvOe","Three-headed_wolf_walking_throug…_202608150835_3.jpeg","image/jpeg","863536","Rare",""
"1285","1T7yNDksDCCnM2gDn7ZEOhPZH2p66ncoF","Lance_and_shield_on_hill_202608150845_3.jpeg","image/jpeg","978808","Rare",""
"1286","1T9DztJewp6ueiUTx2dwAzcLJ2DyuOfHE","Three-headed_wolf_howling_by_river_202608150835.jpeg","image/jpeg","665617","Rare",""
"1287","1tAkK0pmhDQNhf-sYMqv0a4UTo0DNIeqI","Water_shield_blocking_mud_splash_202608150845.jpeg","image/jpeg","943934","Rare",""
"1288","1taZxAxHea5CY2At3YMccZn9NzTjvDXWd","Women_working_in_rice_fields_202608101047.jpeg","image/jpeg","982957","Rare",""
"1289","1tbaAheebsptWkcqLySR1ek3hehdZ8KdI","Thrinwulf_standing_near_marsh_path_202608150842.jpeg","image/jpeg","987856","Rare",""
"1290","1tcDhY3QtI1pPb8bwBdJnmvIKyPQtASUd","Stone_pillar_reflecting_cosmic_sky_202608150833.jpeg","image/jpeg","826624","Rare",""
"1291","1tfM5bYDI8lsrAWiCdNuk1Zy-ffc_wJ8Y","Three-headed_wolf_standing_in_te…_202608150836.jpeg","image/jpeg","789209","Rare",""
"1292","1TFOZMDRdSpMfUvqt1O_Vy93yCqaup0Em","Metallic_debris_glowing_in_sandbank_202608150834.jpeg","image/jpeg","777584","Rare",""
"1293","1tfzb8bf29oabA519fAkV7iGqjN2L0AHH","Three-headed_wolf_ready_for_battle_202608150840.jpeg","image/jpeg","686209","Rare",""
"1294","1tGmqSxTYFw3uf_vcwTl7D_IjPSsFfMhI","Man_sharpening_dagger_on_boat_202608150830.jpeg","image/jpeg","984568","Rare",""
"1295","1Th38ABd1QcbwVg-WHP2kwgwXIVisj4gX","Three-headed_wolf_emerging_from_fog_202608150845_2.jpeg","image/jpeg","712754","Rare",""
"1296","1tIFPlQKCGte9R2uGFBUNRhiDiZgzBzcM","Companions_sitting_around_fireplace_202608150838.jpeg","image/jpeg","933442","Rare",""
"1297","1TIhLioIHAou5aZs5ovNXewBxT8FB2oB4","Thrinwulf_running_with_wolves_we…_202608150834.jpeg","image/jpeg","990445","Rare",""
"1298","1tIki6Mvl9ol6iZcQpSO1WOw6SHv_aKuA","Noemi_healing_wounded_Nicolas_202608150833_3.jpeg","image/jpeg","901115","Rare",""
"1299","1TIw87RLufeoilodAKazqp4o7pcErF_Yh","Shadowy_entity_among_poplar_trunks_202608101045.jpeg","image/jpeg","756562","Rare",""
"1300","1TK4pwKk5FPd6o2Q-RoMpkAI1PVPlOyfm","Water_spirits_dancing_over_lagoon_202608150839.jpeg","image/jpeg","926385","Rare",""
"1301","1TKHFbIMMpiMiZpV6xHzQ5qXpDT5EIXhh","Determined_man_carrying_lance_202608150844.jpeg","image/jpeg","920863","Rare",""
"1302","1tKrRzYFPz2sJlwx89wL-ILJY40dYlIFF","Glowing_oak_roots_on_island_202608150831.jpeg","image/jpeg","1080202","Rare",""
"1303","1tkxjagKCHzwGp2C5KlEiqVy0VDnx42yW","Earth_giant_walking_through_valley_202608150838.jpeg","image/jpeg","986296","Rare",""
"1304","1tLnjK-AbCUafzaeWn-Y9Y__MIgqXBTMn","Destino_holding_glowing_compass_202608150835.jpeg","image/jpeg","889060","Rare",""
"1305","1tmBt6RJChT35F0q77l60JjbScBcnejdn","Glowing_roots_of_oak_tree_202608150832.jpeg","image/jpeg","991150","Rare",""
"1306","1TMU7_UvGgnDKPejditFH8l9HUsM-Pub7","Companions_sitting_around_fireplace_202608150831.jpeg","image/jpeg","988357","Rare",""
"1307","1Tn1kJXRtbr4-gwlc0IXRe9YDPSnTbdzt","Companions_sitting_around_firepl…_202608150834.jpeg","image/jpeg","980611","Rare",""
"1308","1tNFzeAaijK9lr43iPQqyAmGjHYsbk2rY","Lance_and_shield_on_hill_202608150834_2.jpeg","image/jpeg","876548","Rare",""
"1309","1toiWb_8Y-ZP3rjpcsF_r7zrDm8E6KkqH","Mossy_stone_altar_with_runes_202608150846.jpeg","image/jpeg","989942","Rare",""
"1310","1tPCsLNY_vnHsFlmH1yi80HMXqm02e4dB","Three-headed_wolf_on_river_emban…_202608150831.jpeg","image/jpeg","709037","Rare",""
"1311","1TPmkBB5pBMK_J8MfXYnCAnLmOGrv5lOW","Woman_swimming_in_aquatic_temple_202608150839.jpeg","image/jpeg","771978","Rare",""
"1312","1TqaK11KOwL2TsHfQgQh3-SK38m9favdp","Thrinwulf_sleeping_under_glowing…_202608150835.jpeg","image/jpeg","1050199","Rare",""
"1313","1trI1unK_czA7vy2WJTbv_aNkJGyQG2u9","Lava_flowing_through_swamp_202608150846.jpeg","image/jpeg","912429","Rare",""
"1314","1tstqHBDmTFNIiFcq-Efy30fxlBJOQ94x","Three-headed_wolf_emerging_from_fog_202608150837_5.jpeg","image/jpeg","788998","Rare",""
"1315","1tszGOBAfjGUc9QNsVLghg4trpnKYQ4yN","Hand_wrapping_glowing_wooden_com…_202608150832.jpeg","image/jpeg","877281","Rare",""
"1316","1TtFDKb8me8GJiNJpqRdNg30EgMQCc0rb","Thrinwulf_standing_under_lightni…_202608150838.jpeg","image/jpeg","926616","Rare",""
"1317","1tTR3EcqrRjRede_XIhz551U9nyS3vpbu","Pilgrim_walks_into_golden_horizon_202608101044.jpeg","image/jpeg","675634","Rare",""
"1318","1TtUO96tGzZjXZx8xHqRw8aimjo6up8BS","Three-headed_wolf_running_in_forest_202608150835.jpeg","image/jpeg","889426","Rare",""
"1319","1TuHy4gDop2GyTgGM7tflKm18QkHR9bp3","Three_headed_wolf_standing_202608150841.jpeg","image/jpeg","745072","Rare",""
"1320","1tUWXdgvtxk_iTJAtPv1QMDmzlBpGWJj4","Three-headed_wolf_standing_in_fog_202608150842.jpeg","image/jpeg","834148","Rare",""
"1321","1TVXBfwLclseOnSuyhzPBL-2eArn9PUIz","Waves_crashing_in_storm_delta_202608150833.jpeg","image/jpeg","713345","Rare",""
"1322","1twdLhmaEIZ49YWt7Tnq1x0EH2_Cvy3A7","Water_caustics_on_submerged_ruins_202608150846.jpeg","image/jpeg","984594","Rare",""
"1323","1TWtay5MW55RoGEvTEPRbCDf9f1lLc0tb","Three_headed_wolf_ready_for_202608150835.jpeg","image/jpeg","697885","Rare",""
"1324","1TxL749GGQVa-u6GAqEQzDbVB3CpAdzBC","Three-headed_wolf_standing_in_mud_202608150845.jpeg","image/jpeg","847849","Rare",""
"1325","1u-eVaksSG_FStO_1ztzZ9H_KAhfNIw2X","Three-headed_wolf_running_in_vil…_202608150835.jpeg","image/jpeg","786703","Rare",""
"1326","1U0RdqmPR_EC5z3vLA6moDcQLdI9g2nDq","Three-headed_wolf_ready_for_battle_202608150843_4.jpeg","image/jpeg","813186","Rare",""
"1327","1u2TSKvkJMP8SQr7_XMXUZGjOz2VNdvHo","Three_headed_wolf_looking_forward_202608150830_3.jpeg","image/jpeg","769027","Rare",""
"1328","1u4BOA4rZs-N7VduRnoz0LQybK2zJTx-S","Lightning_storm_over_river_delta_202608150835.jpeg","image/jpeg","916672","Rare",""
"1329","1U7w6Rho6CoSZgBO2AVzPZ1tbt0nwZ5p5","Cyan_particles_rising_from_lagoon_202608150837.jpeg","image/jpeg","736328","Rare",""
"1330","1u9CoIy2rbNOb4NTnqbJeRaOpx2jlKRAq","Three_headed_wolf_running_202608150845_2.jpeg","image/jpeg","773437","Rare",""
"1331","1u9xTYvHTZO-52hVsp4CUEYyfTlp6sqGb","Three-headed_wolf_running_throug…_202608150831.jpeg","image/jpeg","792264","Rare",""
"1332","1Ua90iRBM6NT5ZiT2_1wP8qfWPEXwQ3Ue","Mechanical_arm_in_murky_canal_202608150831.jpeg","image/jpeg","826564","Rare",""
"1333","1UB23CA2e866Bs_76m4zTxU3ZWJxmgBOg","Oak_roots_glowing_with_energy_202608150831.jpeg","image/jpeg","1037044","Rare",""
"1334","1UbIRBhLHaJ8006tsipt_2sWBCMDsNDQO","Three-headed_wolf_running_202608150839.jpeg","image/jpeg","745014","Rare",""
"1335","1UcEKiUfhdzIhdQ2ANHIluVd-EEADGdOS","Pilgrim_poet_singing_in_mist_202608101044.jpeg","image/jpeg","811729","Rare",""
"1336","1Ucfy5j_XaRsl65TM0CVkteJgAYfxZlsA","Companions_sitting_around_fireplace_202608150843.jpeg","image/jpeg","1057918","Rare",""
"1337","1UdBpmoVAcokY2nRt5Ty4g5pKPvMOqJcI","Three_headed_wolf_running_202608150837.jpeg","image/jpeg","822707","Rare",""
"1338","1udjh_w8_EI49ZklhhQj7V4jhWXshxhfE","Wooden_boat_sailing_through_reeds_202608150831.jpeg","image/jpeg","835757","Rare",""
"1339","1Uf7BZ0-wF93vbTM9ph-EN-Dgq_GlmnGE","Villager_reaching_toward_wolf_sp…_202608101043.jpeg","image/jpeg","927867","Rare",""
"1340","1uGcE2_Qt1GM-J-cwRyVou2fMJzr6JJ0H","Three-headed_wolf_ready_for_battle_202608150845_2.jpeg","image/jpeg","819280","Rare",""
"1341","1Ugv3O291FRHPvfzo-zhJgFDK4FJf5YAf","Dirt_path_winding_through_reeds_202608150835.jpeg","image/jpeg","926827","Rare",""
"1342","1UGxHXNEEtQkyfFWXUFWYBihxrUIPtzu5","Water_sphere_reflecting_cosmic_n…_202608150835_2.jpeg","image/jpeg","889838","Rare",""
"1343","1uhA0RlNfErdmsG3VhAESh1sTUeIiBtQI","Boat_navigating_glowing_reeds_202608150835.jpeg","image/jpeg","936447","Rare",""
"1344","1UhHAwTIMA6Dtrx6HoQCduX9hztyCz2z0","Empty_boat_drifting_in_water_202608101042.jpeg","image/jpeg","713195","Rare",""
"1345","1uhjD440sLdoKOORt0ownEJIe2XWqC4RZ","Girl_walking_across_tidal_flats_202608101043.jpeg","image/jpeg","856992","Rare",""
"1346","1uhl_5m9qFoVScsVv-ka4Yvhy7r6vsoLd","Companions_holding_lanterns_over…_202608150831.jpeg","image/jpeg","941885","Rare",""
"1347","1ui7-59Sc6yTRgi2FujVUsPps2SH7hJjq","Stone_altar_in_marshland_202608150836.jpeg","image/jpeg","953266","Rare",""
"1348","1uiC9I8BlbtO3Fwonz0tMgOyKnNSlpqXX","Three-headed_wolf_howling_in_forest_202608150834.jpeg","image/jpeg","768610","Rare",""
"1349","1uiY3UnA6HHY3pkP-ElQvqZZFdn_JbUEI","Man_sharpening_dagger_on_boat_202608150831.jpeg","image/jpeg","995783","Rare",""
"1350","1uIYyGrBnYCyoiGaKaCzhxytTbFqYQx7L","Spirit-wolf_appearing_before_pil…_202608101044.jpeg","image/jpeg","988245","Rare",""
"1351","1uJPGNXY96vMuF0AAbKhVpb2tw3EBbbtl","Searchlights_scanning_desolate_m…_202608150830_2.jpeg","image/jpeg","846162","Rare",""
"1352","1UK7LvEqgDU_d8AIpOb3ldZ0SVRkIE0qF","Pilgrim_poet_and_fisherman_sitting_202608101044.jpeg","image/jpeg","871767","Rare",""
"1353","1ULWSnfO1AYzcChYzcZYRloCa2Y2au4Df","Three_headed_wolf_looking_forward_202608150833.jpeg","image/jpeg","790187","Rare",""
"1354","1ulXK_FtDtUOF0fau5SudMU0WKkPjinjG","Water_sphere_reflecting_cosmic_n…_202608150835_3.jpeg","image/jpeg","724358","Rare",""
"1355","1UmPQ4Us19S-SUfS1HGg9Hs73Qz_IWocu","Boat_passing_beneath_stone_archway_202608150835.jpeg","image/jpeg","863803","Rare",""
"1356","1umToXSg9qA_Dpp5sfSkmc5k-oe1BouRk","Crocodile-skinned_figure_emerges…_202608101042.jpeg","image/jpeg","786897","Rare",""
"1357","1UNEzRW_D0GrWU8j2StZEQ5BxHCrDfdNM","Thrinwulf_running_in_temple_202608150836.jpeg","image/jpeg","720246","Rare",""
"1358","1unLLmoV0Kc9COX388SBbw8oKF0X7fWoS","Three_headed_wolf_emerging_fog_202608150830.jpeg","image/jpeg","728495","Rare",""
"1359","1UnyO8oYvtlXuCaYXujG2izCSEzevU49J","Portrait_illuminated_by_blue_light_202608150835.jpeg","image/jpeg","968004","Rare",""
"1360","1uom8DZGzgvgN6Lhvh7eWLzY0o7LkWIgU","Stone_well_with_runic_symbols_202608150838.jpeg","image/jpeg","923232","Rare",""
"1361","1URjYhJEgx67HcgE8zcc1fgUJqS3QtXS0","Three-headed_wolf_standing_by_river_202608150831.jpeg","image/jpeg","647758","Rare",""
"1362","1USFnYMc0q_oBsXgJh247AUIOrVFh2VaO","Portrait_illuminated_by_blue_light_202608150830.jpeg","image/jpeg","785758","Rare",""
"1363","1Ustcv9uqjJElZ6Bl6w27VZc1ao6jrqwd","Three-headed_wolf_running_with_pack_202608150831.jpeg","image/jpeg","941126","Rare",""
"1364","1utjteEKS8AM60gLTnIdsBuEvM72uAskF","Man_with_determined_gaze_portrait_202608150835.jpeg","image/jpeg","833907","Rare",""
"1365","1UtUKkFxVzyB426jtwSAEQEobR_J1vfaf","Three-headed_wolf_running_near_r…_202608150845.jpeg","image/jpeg","820349","Rare",""
"1366","1utWu0a8Ksd6PQr491g66Nx0tBy7eybe5","Hand_holding_glowing_obsidian_key_202608150836.jpeg","image/jpeg","782538","Rare",""
"1367","1uuUCtYb_S_gNRa4-frxHEF-ZkcGBGegN","Hand_carving_wolf_in_wood_202608150841.jpeg","image/jpeg","838683","Rare",""
"1368","1UVwgKzpmHZtPu9_0pzuXAdR4KkTpY8r-","Black_wolves_running_across_snow_202608150843.jpeg","image/jpeg","1007745","Rare",""
"1369","1uwaTlxCjU6NT_WXp5uG8osVNjTzShogd","Mechanical_arm_in_murky_canal_202608150832.jpeg","image/jpeg","929992","Rare",""
"1370","1UwyZ0wgoh3U7bNxmaGm6fMFYxEpY47Ll","Three-headed_wolf_walking_in_water_202608150830_3.jpeg","image/jpeg","740871","Rare",""
"1371","1uXo31BOkvH4qhfGVT6tEXmwqXbPpUjuY","Three-headed_wolf_howling_mist_202608150834.jpeg","image/jpeg","717038","Rare",""
"1372","1UYe-mUBoFcy9F4gyaH2JS-GA9zjQepgp","Portrait_of_man_with_gaze_202608150846.jpeg","image/jpeg","826298","Rare",""
"1373","1uYoh7kg4lwCrYARn0vYVUqlopEdFPV-g","Three-headed_wolf_howling_in_temple_202608150845.jpeg","image/jpeg","807472","Rare",""
"1374","1uzrFl6I9dzUynxulw9GAZT6bobiXL9ZR","Water_caustics_on_stone_ruins_202608150834_2.jpeg","image/jpeg","939500","Rare",""
"1375","1V_PyolzpT4S6KK-_hrtq3u04wKsxGfW6","Three-headed_wolf_in_mud_flats_202608150833.jpeg","image/jpeg","808682","Rare",""
"1376","1v0UXdd3GJB-VeG_icuArI6IFomv8TVct","Stone_carving_of_intertwined_wolves_202608150835.jpeg","image/jpeg","989482","Rare",""
"1377","1V1Q-fsk6UZpLIuSxbW3mBvcA_B8oA0KI","Three-headed_wolf_looking_at_camera_202608150833.jpeg","image/jpeg","790204","Rare",""
"1378","1V2g731EmLPE4X8_qP13Uzwev7esl1phR","Three-headed_wolf_walking_throug…_202608150837_2.jpeg","image/jpeg","808118","Rare",""
"1379","1V2TSt5m3ek89tfD6UWwF9LlG0zrAyGLF","Three_headed_wolf_howling_202608150835.jpeg","image/jpeg","778327","Rare",""
"1380","1V49NTFOY3pK0u7F4DGl1yy4ffcIDWZ5U","Pilgrim_poet_walking_muddy_river…_202608101045.jpeg","image/jpeg","850332","Rare",""
"1381","1v4jxOSCh3d64l6R8gCqUd5OjMxsbVN1_","Wooden_bridge_crossing_foggy_canal_202608150832.jpeg","image/jpeg","988677","Rare",""
"1382","1V52A29ogZnkqwrw_crEFxGoP7LnJ2jsA","Three-headed_wolf_ready_for_battle_202608150843.jpeg","image/jpeg","809648","Rare",""
"1383","1V5cugaXliEaYyX3E2zq3JP07Uz133Q-c","Wolf_reaches_the_pack_202608101044.jpeg","image/jpeg","872923","Rare",""
"1384","1v6nvs1KUONhUEslsw7eUtrlz9c-2saSl","Wooden_watchtower_overlooking_we…_202608150831.jpeg","image/jpeg","929630","Rare",""
"1385","1V72jvThkIDhkun8WUrZbeRgnd2rBVCBG","Glowing_oak_roots_on_island_202608150842.jpeg","image/jpeg","938265","Rare",""
"1386","1v7JfQ6cLxTDoJp3DbaijjhNxdJnwyLdl","Oak_tree_roots_glowing_202608150837.jpeg","image/jpeg","1006366","Rare",""
"1387","1v9418LpHpJyw9peY-FzmDHk3qc7_557x","Person_illuminated_by_blue_light_202608150830.jpeg","image/jpeg","802694","Rare",""
"1388","1vacCCdSAayhUx5ar2g4L19sC8PRoyu_j","Create_an_ultra-premium_full-color_9_16_202608150833.jpeg","image/jpeg","692776","Rare",""
"1389","1vaGWaBku9_Ww2uTOzjuTBmKo2UHBYqD1","Villagers_noticing_crack_in_emba…_202608101042.jpeg","image/jpeg","869176","Rare",""
"1390","1VdcuB17MTlzCkBM619KRmU516P6dSgga","Three-headed_wolf_running_in_mist_202608150835.jpeg","image/jpeg","692559","Rare",""
"1391","1vev_Rp02MVisjFbDZ_q7St2_LVdoBqeW","Three-headed_wolf_walking_in_water_202608150847.jpeg","image/jpeg","729692","Rare",""
"1392","1vFLMy940BZPgnmtAkvhzRPVGPJbWbQnJ","Volcanic_cracks_oozing_molten_lava_202608150841_2.jpeg","image/jpeg","1066142","Rare",""
"1393","1vFX9qZB3FtrIam03BcOMe4ZbQ9V3jCYQ","Earth_Giant_stomping_sand_dunes_202608150845.jpeg","image/jpeg","942817","Rare",""
"1394","1VGv4VHdZMFUV6txspf4xS5FLWYXnFjNS","Three-headed_wolf_standing_in_we…_202608150830.jpeg","image/jpeg","917262","Rare",""
"1395","1vI5bSft1QOzKLfDtMo0-HwfaLMMJvHRR","Water_spirits_dancing_over_lagoon_202608150840.jpeg","image/jpeg","852058","Rare",""
"1396","1ViI45F9isMpCiGa4cw250vW7s_kLBuQK","Nicolas_fighting_enemies_in_sphere_202608150841.jpeg","image/jpeg","888576","Rare",""
"1397","1VjlMhWBrTZGc9fyz7Zu2vfQgcVjIdYAD","Three-headed_wolf-spirit_rising_202608101042.jpeg","image/jpeg","863352","Rare",""
"1398","1Vk-iJ4v7aPEnsY9J6Tky1jHIYreV3ll9","Three_headed_wolf_standing_202608150846.jpeg","image/jpeg","854829","Rare",""
"1399","1vkPPWlwgT01u-1rtzx88vg3gYBa9Xz37","Po_River_flowing_into_sea_202608150831_2.jpeg","image/jpeg","1029350","Rare",""
"1400","1VkWO9mbFQhaOI8vH0HmmBvYjgTcrdB3Y","Mechanical_beast_emerging_from_fire_202608150838.jpeg","image/jpeg","1076556","Rare",""
"1401","1VljyeKgGIsPaz8LbI6_euntrd3iGbXOq","Hand_gathering_marsh_reeds_202608150840.jpeg","image/jpeg","672683","Rare",""
"1402","1vnq53OGhAXuPxKsyizIcEVDTcDaAE3ot","Creatures_lowering_heads_to_earth_202608101047.jpeg","image/jpeg","900119","Rare",""
"1403","1Vnwxv01M2Ki-WW5rn7U6wc1ZtscRBM-c","Person_staring_into_fire_202608150834.jpeg","image/jpeg","921957","Rare",""
"1404","1VNXN9cKBZqSA90YKljhBnKKz62yIRcGS","Submerged_stone_archway_in_swamp_202608150844.jpeg","image/jpeg","673739","Rare",""
"1405","1vOc9w9Cb4uXXPkcuy3b0N6RbbuuFyHpZ","Po_River_flowing_into_sea_202608150835.jpeg","image/jpeg","999187","Rare",""
"1406","1Vr7brMhm6NBjcju_KqC_i6iwCuHuTBfw","Searchlights_scanning_desolate_m…_202608150834.jpeg","image/jpeg","795407","Rare",""
"1407","1vs9QutytjCs03q8w3rvIOPQXfKPNotwm","Three_headed_wolf_walking_water_202608150831_2.jpeg","image/jpeg","766182","Rare",""
"1408","1vtdVtlEJAcTDghZe1tjFHySU46wd_cjr","Fisherman_standing_on_boat_202608101044.jpeg","image/jpeg","801236","Rare",""
"1409","1VTfgFnAw_ImrsLQri8OthnIKm9ERMa9i","Monk_holding_candle_at_window_202608101045.jpeg","image/jpeg","724668","Rare",""
"1410","1vuWlYnDzhfIKf5S3Mug2xVa139Lf2mVc","Three_headed_wolf_emerging_fog_202608150839_2.jpeg","image/jpeg","831586","Rare",""
"1411","1VVFgg-ezr1gKx5b-hzFE0c2KJxA1D7ne","Three_headed_wolf_looking_forward_202608150830_2.jpeg","image/jpeg","781380","Rare",""
"1412","1vw2tajgA5XQefs_ndvH684wfoSQpDpxh","Three-headed_wolf_running_throug…_202608150830_6.jpeg","image/jpeg","700786","Rare",""
"1413","1vWy8Tu229faxVPH86WDN02eV2r2rx2-s","Three-headed_wolf_walking_in_water_202608150843_2.jpeg","image/jpeg","794827","Rare",""
"1414","1vxAtQ9K9vOfDFUBuDFEmweBjYins3i-U","Three-headed_wolf_ready_for_battle_202608150841_2.jpeg","image/jpeg","749692","Rare",""
"1415","1vxcV9DX461FJ5nChUhOjWyLPT3w0RjUy","Three-headed_wolf_running_throug…_202608150846.jpeg","image/jpeg","951440","Rare",""
"1416","1VxRmxIaEspuYG5qI2M6l5Vbn6dyn6uhI","Hand_wrapping_wooden_compass_202608150843.jpeg","image/jpeg","795314","Rare",""
"1417","1VYFujidzICCdpmBQuEJ0M7CVeXzL4TFW","Earth_hands_cradle_glowing_lance_202608150835.jpeg","image/jpeg","937343","Rare",""
"1418","1vyPxJzTk6HkEcNez9tVBPCvzkqZLmMeZ","Water_portal_opening_in_lagoon_202608150830.jpeg","image/jpeg","771758","Rare",""
"1419","1vzjuc89AlWEw2PUImMSpORvp9kkN-ZMw","Elder_handing_parchment_to_novice_202608101046.jpeg","image/jpeg","830169","Rare",""
"1420","1vznD0qxtCtCvUYdlxMpDb7n17uplpK5E","Three-headed_wolf_howling_in_forest_202608150845.jpeg","image/jpeg","822256","Rare",""
"1421","1w_5DKFOyyPAHG2Rn3KKiJnwZnO9BcIFk","Paths_converging_toward_glowing_…_202608101043.jpeg","image/jpeg","1014232","Rare",""
"1422","1W_fsrSZas6GyxZSouPmumGfU4FDZwMeY","Stone_path_leading_into_ocean_202608150841.jpeg","image/jpeg","982637","Rare",""
"1423","1w-A2sUI4hKwShlxB7AZd8hQk5baxdeFy","Portrait_illuminated_by_blue_light_202608150842.jpeg","image/jpeg","925390","Rare",""
"1424","1w1rqnhTXBO07lm0k4PI3hNP-xnCYWpc1","Villagers_raising_hands_toward_m…_202608101042.jpeg","image/jpeg","803043","Rare",""
"1425","1W9C0xYjvb3r-vf4L4AQlT8_nw8mg3UDd","Thrinwulf_curled_alone_in_hollow_202608101043.jpeg","image/jpeg","870857","Rare",""
"1426","1Wbj4v6zkqs2cpfQn4gpJLRd-JIVUM04W","Three-headed_wolf_running_in_fog_202608150843.jpeg","image/jpeg","770880","Rare",""
"1427","1WcghrlbuE3o8p0NowQS364s0ZrUQCoM_","Fisherman_pauses_at_water_presence_202608101044.jpeg","image/jpeg","660627","Rare",""
"1428","1WCP9MyEJI0-G1xq2jI2gmIKx5TeoyEXc","Wolf_standing_on_sandbar_202608101045.jpeg","image/jpeg","871222","Rare",""
"1429","1wCZV9nWP176UymCK_z4Or8Ig3kUyXYBg","Abandoned_iron_factory_on_riverbank_202608150843_2.jpeg","image/jpeg","952043","Rare",""
"1430","1weK0qYNoC_Fw63Re4PdzfFe_X2hXnLfo","Villagers_taking_refuge_from_flood_202608101047.jpeg","image/jpeg","748595","Rare",""
"1431","1WEPNAdGqd-qhpjpfe1j732wYpJbY7AcH","Crocodile-skinned_figure_meeting…_202608101047.jpeg","image/jpeg","723376","Rare",""
"1432","1WfZUrgwH8aj9B8GeNa2ZSp8G1biXK8bX","Companions_holding_glowing_lante…_202608150840.jpeg","image/jpeg","868471","Rare",""
"1433","1wG_5XoklsE8Z_jW1-UD_KZDCaFb0dpGy","Three_wooden_boats_sailing_delta_202608150840.jpeg","image/jpeg","835624","Rare",""
"1434","1WGzTU3-5zNyzRynYxuMuQGF0ETlt6Pt_","Three-headed_wolf_running_river_202608150840.jpeg","image/jpeg","730743","Rare",""
"1435","1Wh2aV238llY_HypTLt1TD4TqVub3DX2e","Three-headed_wolf_running_river_…_202608150836.jpeg","image/jpeg","820996","Rare",""
"1436","1whtiLg0A3y5uKykjyhEZe_rx0_p43Hlm","Three-headed_wolf_ready_for_battle_202608150834_3.jpeg","image/jpeg","733621","Rare",""
"1437","1wiHw36rP4Ki5URn1IAcsnRR9P-OOJB-0","Narrator_telling_story_by_fire_202608101045.jpeg","image/jpeg","884052","Rare",""
"1438","1WilF7lpkEYWgsZhtMTltHQOKm4zh62wK","Three-headed_wolf_howling_in_forest_202608150830.jpeg","image/jpeg","807509","Rare",""
"1439","1Wisl2kS5eT7uQtaNgbK-Y1l6Q9_LPQ3z","Three-headed_wolf_howling_202608150839.jpeg","image/jpeg","821450","Rare",""
"1440","1WJHlFPwZDDIxBtPsGESES_2rESSTwd00","Noemi_holding_glowing_obsidian_key_202608150831.jpeg","image/jpeg","768663","Rare",""
"1441","1WJTIuWKTLLGMEoAuvvld0fH_AfWamEtc","Village_descendants_and_wolves_g…_202608101045.jpeg","image/jpeg","991026","Rare",""
"1442","1wJZivbGibcoRONsYpplo5MAtpPUNj4dr","Three-headed_wolf_emerging_from_fog_202608150836_4.jpeg","image/jpeg","727603","Rare",""
"1443","1WkPlDYuGLD2zNQAdgPtFpyI73Eq65na1","Water_sphere_reflecting_cosmic_n…_202608150840.jpeg","image/jpeg","813575","Rare",""
"1444","1WLBB8I3AB_jySbV1bF5sZLOLY5fzpWcZ","Three-headed_wolf_running_throug…_202608150841.jpeg","image/jpeg","889683","Rare",""
"1445","1WLQO7gy9SeG9wNeWqaNzBtCsUTh0D8Sy","Thrinwulf_three_heads_loom_202608101044.jpeg","image/jpeg","1013010","Rare",""
"1446","1wmGizNJT-3M7mI1OsO6azsS7kez-oSbv","Noemi_healing_wounded_Nicolas_202608150841.jpeg","image/jpeg","885884","Rare",""
"1447","1wMInwPRKcKp5exOoSO_ACxc3Xr_HHeUB","Abandoned_iron_factory_on_riverbank_202608150843.jpeg","image/jpeg","925517","Rare",""
"1448","1Wmj9sGq0Y2ESBualwUWyL0XHn1iNxKQF","Three-headed_wolf_emerging_from_fog_202608150836_2.jpeg","image/jpeg","776628","Rare",""
"1449","1WnC9llgGtVxmB4eKoMr2frjjQXbh_znt","Three-headed_wolf_emerging_from_fog_202608150830_7.jpeg","image/jpeg","765149","Rare",""
"1450","1WoJlH8rjqW-Sqcfo9peqbWd-xgx74hpd","Delta_forest_with_glowing_roots_202608150834.jpeg","image/jpeg","1121562","Rare",""
"1451","1WokVgmwyouQk7FmjSRbnGRjsuB2A5kvs","Man_holding_wooden_wolf_carving_202608150834.jpeg","image/jpeg","852411","Rare",""
"1452","1wOlhTWucZNIeyEtqPnR7iCUYlEM_Zo4E","Three-headed_wolf_standing_dominant_202608150846.jpeg","image/jpeg","808400","Rare",""
"1453","1wovTV_d_B6I1cFK6xqN2TmyhelOz6Ubv","Three-headed_wolf_in_submerged_r…_202608150833.jpeg","image/jpeg","816144","Rare",""
"1454","1wpTYGY-VsOTAoo1NO9g3sByoX7zDiXdh","Three-headed_wolf_emerging_from_fog_202608150830_3.jpeg","image/jpeg","762367","Rare",""
"1455","1wQ9t-EG3xdyG8p_91AG4fM9Brj6ZwqdR","Water_spirits_dancing_over_lagoon_202608150842.jpeg","image/jpeg","786890","Rare",""
"1456","1WqErhkSY1Q8qCT8T5VTFjj4Enx5aEoat","Three-headed_wolf_walking_in_river_202608150841.jpeg","image/jpeg","770812","Rare",""
"1457","1wrb7Q345Cbpcy0FtotUgx_D9O7R-flBL","Three-headed_wolf_howling_in_mist_202608150844.jpeg","image/jpeg","674620","Rare",""
"1458","1wrZ-B5d_98lHyGpKRmUc23h0OArbjXJR","Veiled_women_chanting_at_riverbank_202608101042.jpeg","image/jpeg","777728","Rare",""
"1459","1ws7HD4xGNLTI0N1QdfgVFEnkkdZz8scV","Three-headed_wolf_ready_for_battle_202608150835_3.jpeg","image/jpeg","802196","Rare",""
"1460","1wuGD86n-oTHNC2kJzLR93U1fao2pFOp5","Monks_illuminating_manuscript_in…_202608101046.jpeg","image/jpeg","912402","Rare",""
"1461","1wUH1eQrDSteTpLZVs1PJqmQ4b-UXajkI","Thrinwulf_standing_on_sandbank_202608150833.jpeg","image/jpeg","797389","Rare",""
"1462","1WUugpqWllelR7h9aUpipfX2DNYCFwEnD","Mechanical_arm_in_murky_canal_202608150833.jpeg","image/jpeg","884320","Rare",""
"1463","1wUXJ8n2ciLIx0icqss6mXUHpkyHiHm1y","Glowing_footprints_through_pine_…_202608150834.jpeg","image/jpeg","985944","Rare",""
"1464","1wvmGX3SJSOljboWx-x8GJYa3ZVhn-wh4","Forest_fire_raging_along_wetlands_202608150846.jpeg","image/jpeg","828273","Rare",""
"1465","1WWiEhikG5chv9LKnqjuJlnBhU9DSuLPL","Searchlights_scanning_dark_marsh…_202608150830.jpeg","image/jpeg","801389","Rare",""
"1466","1wwmfInGXKI7-huNBvcU6xe17qbh_2bfB","Golden_cracks_opening_on_cliffside_202608150840_2.jpeg","image/jpeg","998813","Rare",""
"1467","1wwnMaY2bgFQqvvQjum0qjeNMc8y6RgTl","Industrial_barge_leaking_crimson…_202608150840.jpeg","image/jpeg","832063","Rare",""
"1468","1wX0O1rAKJs1Mqc_pN_Y9Ln2LjD4d4RP1","Fishermen_rowing_boats_on_river_202608101043.jpeg","image/jpeg","878706","Rare",""
"1469","1wXAlqmdNmVvTBNYKpVi37bs6t_wQOqt9","Three-headed_wolf_howling_in_temple_202608150835.jpeg","image/jpeg","783735","Rare",""
"1470","1Wy0fbKrjbFjvta_2hijFWvGPcLtvk4rQ","Gold_currents_flowing_through_water_202608150833.jpeg","image/jpeg","701806","Rare",""
"1471","1WYF0rXyX5VP7lgKoAus2ubvStTeB5OAV","Water_sphere_reflecting_cosmic_n…_202608150836_2.jpeg","image/jpeg","864252","Rare",""
"1472","1WYqkV-qyq1MprEsmIPVXity6PbYigsEv","Water_portal_opening_in_lagoon_202608150832.jpeg","image/jpeg","883297","Rare",""
"1473","1wYVEwj2gPbZq1Wj561_G2zY8GV4u3FhH","Three-headed_wolf_walking_in_water_202608150836_3.jpeg","image/jpeg","712514","Rare",""
"1474","1x17ct6dRGMPLstf2-pdDYFe7j69AAN3E","Wolf_spirit_in_reed_bed_202608101045.jpeg","image/jpeg","863034","Rare",""
"1475","1x1PoxSmdQseG-fqikZmpBhEHYmfmVUeu","River_flowing_into_the_sea_202608150838.jpeg","image/jpeg","1039122","Rare",""
"1476","1x25JriJnQnL1Mx72bwFPFLD9QDTk3zrj","Three-headed_wolf_ready_for_battle_202608150835_4.jpeg","image/jpeg","897270","Rare",""
"1477","1X2XIvm1n4ST0q1TDjxP6t66ZAa3pnEqn","Abandoned_iron_factory_by_river_202608150841.jpeg","image/jpeg","911622","Rare",""
"1478","1x3eavkk_BFo7YVxJgSmNv_VBE7xtMJYo","Three-headed_wolf_walking_in_water_202608150830_4.jpeg","image/jpeg","809603","Rare",""
"1479","1x44ih2uj9YJ2jX-VUuREhUC-Q-I9_aXM","Close-up_of_glowing_blue_eyes_202608150840.jpeg","image/jpeg","775447","Rare",""
"1480","1X4jjaKeY7I7Fu1N8DEd34nUAN2eyhYEG","Villagers_pointing_at_distant_si…_202608101042.jpeg","image/jpeg","835150","Rare",""
"1481","1x5CgQX7m1drxy71-E7LLIKfxBugl4KFl","Fisherman_and_poet_in_boat_202608101044.jpeg","image/jpeg","968391","Rare",""
"1482","1X5d-FRHfmH1Tgk_s54jEqeJxE8x8m_Tt","Thrinwulf_standing_on_sandbank_202608150833_3.jpeg","image/jpeg","1004883","Rare",""
"1483","1x5HW4g9DA8jtWa5eXcgQIty_WoorQnBl","Polishing_silver_wolf_amulet_202608150846.jpeg","image/jpeg","873866","Rare",""
"1484","1X5KuZw02WhZSyns2k8ANQc4RqswhqWR-","Wolf_pack_howling_at_moon_202608101045.jpeg","image/jpeg","967757","Rare",""
"1485","1X5znO52AwZ16D8Ng3xt-le85PL4miQUu","Three-headed_wolf_running_throug…_202608150830_2.jpeg","image/jpeg","816384","Rare",""
"1486","1x7P_wHeN1Yruw6UJP6OxGfoB5rmfdd7i","Red_searchlights_scanning_marshland_202608150840.jpeg","image/jpeg","791460","Rare",""
"1487","1XaH-tzTVp5OQuC0QN8BCR4dFgKMSpXBb","Giant_three_headed_wolf_standing_202608150833.jpeg","image/jpeg","997418","Rare",""
"1488","1XBJ8xWjUUFwrUia2_7daM7X8I4P_ToDb","Three-headed_wolf_emerging_from_fog_202608150842_3.jpeg","image/jpeg","738695","Epic",""
"1489","1XbXHYLgzYOeYBB3JnmyDhIcYbm3Zoebj","Three-headed_wolf_looking_at_camera_202608150830.jpeg","image/jpeg","764758","Epic",""
"1490","1XCvQQ4wYFHBui-rFS9d70e6aT1Vg0g_h","Noemi_holding_glowing_gold_compass_202608150837.jpeg","image/jpeg","878068","Epic",""
"1491","1XcYL3HoQlwtFJbFl3l56aAV5FFmxD5tu","Three-headed_wolf_on_river_emban…_202608150836_2.jpeg","image/jpeg","758418","Epic",""
"1492","1XDbVkiGbVuAzDHhJRqHHdE5tIuF1V-qW","Villager_reaching_toward_wolf_sp…_202608101045.jpeg","image/jpeg","826416","Epic",""
"1493","1xDWtyuRU-9xAxUNE29Hr8eoJ9n2k2pTw","Three-headed_wolf_running_throug…_202608150830_4.jpeg","image/jpeg","866810","Epic",""
"1494","1xE8EpzMV2z4fS4C4Ac-yUjdVsDJZPb_G","Thrinwulf_standing_on_sandbank_202608150839.jpeg","image/jpeg","834044","Epic",""
"1495","1xElQrI9trYEY-nFZMa94iUmsB7Pf9Tpl","Mechanical_wolf_breathing_fire_202608150834_3.jpeg","image/jpeg","970287","Epic",""
"1496","1XEWC1nlRTykJwtZyFAaeMX1CJSAAHn-k","Three-headed_wolf_running_river_…_202608150839.jpeg","image/jpeg","801480","Epic",""
"1497","1XFXaxdnRJeOzLS_hfo6PCtGsM7sTkJZF","Man_carrying_lance_portrait_202608150833.jpeg","image/jpeg","886496","Epic",""
"1498","1Xh_Cp_zhyjUxdLaxeK7Vm4rMTygjvA71","Bronze_key_on_weathered_wood_202608150833.jpeg","image/jpeg","835132","Epic",""
"1499","1xH311iywiFLbU4Jh0A8faJVMru93faOP","Three-headed_wolf_standing_in_ruins_202608150840.jpeg","image/jpeg","914690","Epic",""
"1500","1XHoLmqk2KSKKC3QRkbFddsC9stvr2ViF","Boat_navigating_glowing_reeds_202608150845.jpeg","image/jpeg","865637","Epic",""
"1501","1xItPhcr8FjeoNhij-wjPe-GFfrdsELOh","Three-headed_wolf_standing_dominant_202608150833.jpeg","image/jpeg","825036","Epic",""
"1502","1Xj_V9fapjjUtNgzFD7WbqzerDv9Dn4Jx","Three-headed_wolf_standing_on_em…_202608150839.jpeg","image/jpeg","891263","Epic",""
"1503","1xjHocAjOEba_hNIzsjR5QLHmL6RfnQNE","Water_spirits_dancing_above_lagoon_202608150835.jpeg","image/jpeg","959074","Epic",""
"1504","1xkiSCMvYhUhS8EUh9EAaLzT42PlfgBva","Stone_pillar_reflecting_purple_sky_202608150841.jpeg","image/jpeg","920638","Epic",""
"1505","1XLwv3r1CI2bMCE9179pXD60jK9KE2S4w","Stone_staircase_leading_into_mau…_202608150840.jpeg","image/jpeg","903189","Epic",""
"1506","1Xm_CRqvda9sTKIAf6sqsK804RoyoXlKS","Mother_shielding_child_in_flood_202608101043.jpeg","image/jpeg","855944","Epic",""
"1507","1xMICyuYHjsCapnMmMqtCP5uBpVzKBUKS","Three-headed_wolf_on_sandbank_202608150841.jpeg","image/jpeg","772812","Epic",""
"1508","1xnBNcFaqXJ9UaMeP__O61TlZXxrRbdzz","Crowded_barge_market_crossing_ri…_202608101047.jpeg","image/jpeg","965349","Epic",""
"1509","1Xo0vdRXDj4nBCxvKn26C7ofC0lFF2wgk","Three-headed_wolf_running_in_temple_202608150838.jpeg","image/jpeg","719043","Epic",""
"1510","1XoK9QcMxI4eh26ZIVyGBzmEmc-vQo2q6","Searchlights_scanning_desolate_m…_202608150832.jpeg","image/jpeg","872616","Epic",""
"1511","1xoTh7ilKP6GkaZxcPBt-lPvTBA3--z0w","Glowing_wolf_shapes_above_water_202608101047.jpeg","image/jpeg","750325","Epic",""
"1512","1XOVQVwT235CcfwbtWf29cLE0zUvgxeWU","Three-headed_wolf_walking_in_river_202608150838_2.jpeg","image/jpeg","716230","Epic",""
"1513","1xP-SMGveX9vofPGVTqPbRJRpxOWbPzu3","Thrinwulf_sleeping_under_glowing…_202608150831.jpeg","image/jpeg","943537","Epic",""
"1514","1XpmMlWi-qBHnAVtryC_I5gljfH7XmLla","Molten_eyes_reflecting_volcanic_…_202608150834.jpeg","image/jpeg","903130","Epic",""
"1515","1Xq2Qlne8w_KvD6n9Rp4rmI-yGp8y7TLd","Hands_emerging_from_swamp_island_202608150842.jpeg","image/jpeg","914394","Epic",""
"1516","1xQivO7f06eZgla8svXdBl_hyXcsV-8Sa","Earth_giant_stomping_foot_202608150840.jpeg","image/jpeg","906741","Epic",""
"1517","1xQX7f_N-SW6dNRnPmjNyxxsvg0B_rooZ","Villagers_shield_eyes_during_storm_202608101043.jpeg","image/jpeg","809466","Epic",""
"1518","1xQXYmgyMOiFJPViwgCyWvg8F84C6UCmW","Lance_and_shield_on_altar_202608150832.jpeg","image/jpeg","1043718","Epic",""
"1519","1xr6MNS0wF9e8oI-A0l6jZ5iF8rMOGkDk","Hand_holding_glowing_obsidian_key_202608150844.jpeg","image/jpeg","768724","Epic",""
"1520","1xsEubhZRt7snovLrE8jKqB7H9-4wUUDn","Stone_bell_tower_in_floodwater_202608101043.jpeg","image/jpeg","589170","Epic",""
"1521","1xTQvIEYiYsNz_FOgs-OqnNIVG4TDwbXo","Earth_giant_walking_through_forest_202608150842_2.jpeg","image/jpeg","1048133","Epic",""
"1522","1xTszSKO5aSRwZ-qajNeADl37O0ZHGgw2","Thrinwulf_sleeping_under_glowing…_202608150846.jpeg","image/jpeg","996276","Epic",""
"1523","1XU-mvtbvs_-dYyeRzVx-JcIPEeQhanSc","Crystalline_sphere_reflecting_co…_202608150833.jpeg","image/jpeg","795908","Epic",""
"1524","1Xuffst6BKTFr2ViQrdR-i3wjLlF4YMLn","Three-headed_wolf_walking_throug…_202608150846_3.jpeg","image/jpeg","749297","Epic",""
"1525","1XuR_wzc6GCW3g-lL3292vOD92SHRUC0t","Thrinwulf_standing_on_stone_path_202608150836.jpeg","image/jpeg","941915","Epic",""
"1526","1xVaj1jhoXpYp9TBz3fiISaUYud8agCsl","Three_headed_wolf_artwork_202608150843.jpeg","image/jpeg","853538","Epic",""
"1527","1XXcSUo84HjXKTjitKvJwrzT1-UuXG3Ce","Thrinwulf_standing_on_stone_path_202608150840.jpeg","image/jpeg","881402","Epic",""
"1528","1xXyZeBRYtQJ2TgejXOwM5U-h6zHo35ia","Wolf_spirit_reflecting_memories_202608101045.jpeg","image/jpeg","915605","Epic",""
"1529","1XyIzQeaTc-ruOEb5EAPq9PBHLfGkV4ea","Three-headed_wolf_running_in_mist_202608150834.jpeg","image/jpeg","805294","Epic",""
"1530","1xyxJ71m6JFhti5X2S84iZBsoxiFqlqaz","Eclipse_over_Po_River_Delta_202608150837.jpeg","image/jpeg","912501","Epic",""
"1531","1XZ91XMY6YTJLQypHs5YCa6J64FL22oSd","Water_reflecting_on_temple_ruins_202608150839.jpeg","image/jpeg","900466","Epic",""
"1532","1xzvij6kKKS8X--B8-jU8wGlNX1v7-nE_","Three-headed_wolf_walking_throug…_202608150847.jpeg","image/jpeg","740678","Epic",""
"1533","1Y0ARNuQOKA1MQUMy6XVafJbMIB4q3EHL","Gold_currents_in_dark_water_202608150833.jpeg","image/jpeg","813741","Epic",""
"1534","1Y0MKRZXxs75mKkoMjMqd6BWzx5YXC4aI","Three-headed_wolf_looking_at_camera_202608150836.jpeg","image/jpeg","726162","Epic",""
"1535","1Y2SKK1n5YWP-Pd0IybIy3JyKA7LgnH1a","Three-headed_wolf_in_submerged_r…_202608150835.jpeg","image/jpeg","718639","Epic",""
"1536","1Y3Xv--Q0S0CGfSwwfqkEnWBmk5zBosdD","Pack_reunites_around_lost_pup_202608101047.jpeg","image/jpeg","894051","Epic",""
"1537","1y6rUOPkq-ChlN9H_rTVi55Z8lPLy-68v","Three-headed_wolf_walking_throug…_202608150835.jpeg","image/jpeg","709081","Epic",""
"1538","1Y7r3Nf-eEyA82x2g2xo_mIl43u0eWwq4","Three-headed_wolf_walking_in_water_202608150836_4.jpeg","image/jpeg","814456","Epic",""
"1539","1y8Uvpm9RVr3sNoANJjOLDpW93aNbbk26","Three-headed_wolf_on_river_emban…_202608150833.jpeg","image/jpeg","651436","Epic",""
"1540","1y8wUGit14f4Xh12eRzeW3vHHxn3Tv4yD","Three-headed_wolf_running_across…_202608150840.jpeg","image/jpeg","964350","Epic",""
"1541","1y9AifUshE5KVNw2Q8KUemaBIDnHhBA4N","Lava_flowing_through_swamp_202608150831.jpeg","image/jpeg","955854","Epic",""
"1542","1Ya0-sjn652Mqarm9N-5qiZ2OzPhQ3MfD","Three-headed_wolf_ready_for_battle_202608150834_5.jpeg","image/jpeg","723672","Epic",""
"1543","1YcgrQzaacDGZttgaWsH6PrUBKE6-Su5b","Three-headed_wolf_walking_throug…_202608150836_2.jpeg","image/jpeg","825510","Epic",""
"1544","1yCnlR5InGV55Nmi_4-pML5AadB73pQys","Stone_staircase_leading_into_mau…_202608150837.jpeg","image/jpeg","943433","Epic",""
"1545","1YD4F71Q9iL1-r3OOmocEeJzSSesWVTOL","Lance_and_shield_on_altar_202608150831.jpeg","image/jpeg","978768","Epic",""
"1546","1YDp-EeYCa7ZX1RncUwrwS7mHIFzKWbmP","Man_carrying_lance_202608150840_2.jpeg","image/jpeg","1004204","Epic",""
"1547","1YDRuOVqzpzP9Nsi-mOv9j7alazRTVOHl","Earth_giant_stomping_sand_dunes_202608150840.jpeg","image/jpeg","986711","Epic",""
"1548","1ydUUOdWEIJ08wW09nncWeOUXC4STH2DO","Three-headed_wolf_running_throug…_202608150830_3.jpeg","image/jpeg","862019","Epic",""
"1549","1yDWPOogVWbkqAd1N1J3ZZ16R2hts3Pdr","Whirlpool_pulling_down_ancient_r…_202608150841.jpeg","image/jpeg","868952","Epic",""
"1550","1Ye0BofFAigL-7zqoZ3CMWUdZhhperhLG","Three-headed_wolf_standing_in_mist_202608150842.jpeg","image/jpeg","818495","Epic",""
"1551","1YeApwmr1WFIUaq6zMO8l7mu4I450Cmw0","Voices_form_golden_river_ripple_202608101045.jpeg","image/jpeg","949237","Epic",""
"1552","1yebV_Wp51JZ_oEUnf0OWDrrqQyjEhUP5","Two_wolves_walking_together_path_202608101045.jpeg","image/jpeg","1053022","Epic",""
"1553","1yEfq3aM169Jy9IWg87zb9C1ttH5Oy7rQ","Two_people_watching_golden_dawn_202608150837.jpeg","image/jpeg","916270","Epic",""
"1554","1yF_WLJMI1fZZfHwNPU2b2yRaEG2AhLdv","Boy_standing_before_three-headed…_202608101042.jpeg","image/jpeg","887289","Epic",""
"1555","1yf20Ryd9_LZJObQekBywtNbhtx7ewUss","Golden_cracks_on_stone_cliffside_202608150836.jpeg","image/jpeg","918423","Epic",""
"1556","1YfDIPbQNmhVr_f81AtOAOTUhkX2uipne","Elderly_storyteller_speaking_by_…_202608101047.jpeg","image/jpeg","857744","Epic",""
"1557","1YFtAK2oiPr7SzKP7CAr_Bd9A32Eh9sz1","Destino_holding_gold_compass_202608150842.jpeg","image/jpeg","879640","Epic",""
"1558","1yGWV7M-9mQvs4MvJXZkWjxiJ9AtftHej","Po_River_Delta_flowing_sea_202608150846.jpeg","image/jpeg","978370","Epic",""
"1559","1yI0ssngBa99zlnKr_RGFGt9mVOTqyTdy","Wolf_running_across_misty_wetlands_202608150845.jpeg","image/jpeg","941541","Epic",""
"1560","1YiApvW1yaynhPo0mQRSvEWD24HdITNlG","Three-headed_wolf_walking_in_water_202608150845.jpeg","image/jpeg","783500","Epic",""
"1561","1yipPmTXnZTUBMvP1J5Ma34-WcbGuHQfL","Three-headed_wolf_howling_in_mist_202608150838.jpeg","image/jpeg","813693","Epic",""
"1562","1YiYS6PBfr7xB5f4TfPPXHkzi8TRzL6SI","Three_headed_wolf_standing_202608150838.jpeg","image/jpeg","722374","Epic",""
"1563","1yk6hash_JqwEIeub6Uz2XhcS2bnSf4Bl","Three-headed_wolf_ready_for_battle_202608150830_5.jpeg","image/jpeg","709264","Epic",""
"1564","1YL0p2jYSajucE3NNTORSjuL1Zet6GUeR","Glowing_portal_over_delta_canal_202608150833.jpeg","image/jpeg","880827","Epic",""
"1565","1yl2SwZrtl_-qlICxHVOAENOZ4U-XvOka","Villagers_huddle_in_heavy_rain_202608101047.jpeg","image/jpeg","799125","Epic",""
"1566","1YMyd-1RWyLBH3YhoO_bkQCVzWaRwFEfM","Companions_sitting_around_firepl…_202608150830_2.jpeg","image/jpeg","989150","Epic",""
"1567","1Yn0CjUPD64zwFxajAShBxx3jQnhgcqgZ","Noemi_healing_wounded_Nicolas_202608150842_2.jpeg","image/jpeg","904195","Epic",""
"1568","1ynlReKLvLwdtB7NIzfckF0INWjXhUyBE","Portrait_of_person_with_light_202608150831.jpeg","image/jpeg","826401","Epic",""
"1569","1YOm7B0bAx2vXMKSDwX_UwXc9hd8Pc0m8","Shipwreck_mast_pointing_at_nebula_202608150842.jpeg","image/jpeg","780784","Epic",""
"1570","1YOMJzKeoheu-bzlAb6lG9W8_xwyAuTuJ","Girl_encounters_monster_in_reeds_202608101042.jpeg","image/jpeg","649424","Epic",""
"1571","1YP5Kbxl-VwMOGsS92sF8MmWJ6-rrhQHJ","Man_carrying_lance_portrait_202608150836.jpeg","image/jpeg","967905","Epic",""
"1572","1yp5tOPJskt5bwu6mWP_gddSo40uCmdvp","Three-headed_wolf_running_in_vil…_202608150846.jpeg","image/jpeg","777108","Epic",""
"1573","1yPKcrWn-1jg4lQ-BJH0wM5t_9SU8uPWc","Three-headed_wolf_walking_throug…_202608150840_2.jpeg","image/jpeg","769836","Epic",""
"1574","1YqJVrtKMak3Dyht69bQpGD-HUylGnMaW","Gold_lightning_over_river_wetlands_202608150834.jpeg","image/jpeg","940084","Epic",""
"1575","1yQn_bJKvCfix04SXxKwtGxNzlOySQyp0","Woman_staring_into_glowing_fire_202608150837.jpeg","image/jpeg","936201","Epic",""
"1576","1YQUKcf6SkYQVqGliFaNrC8SzGXywNMvT","Three-headed_wolf_walking_in_water_202608150831_3.jpeg","image/jpeg","860127","Epic",""
"1577","1YRMqQjEv2rIV3y8ZVnSmLxjS0T9NSK8Z","Bronze_key_on_weathered_wood_202608150835.jpeg","image/jpeg","956017","Epic",""
"1578","1ysUfdeaKsXx1JpcqKFc_pCoeYuYs1EGU","Three-headed_wolf_running_river_…_202608150835.jpeg","image/jpeg","664861","Epic",""
"1579","1yTk6eivf4aZMvriCa6BFhQRh39Rbusis","Crystalline_sphere_floating_over…_202608150832.jpeg","image/jpeg","850997","Epic",""
"1580","1ytm549CfPkRS6wNmqab086u0fg3B5ALw","Thrinwulf_running_across_muddy_d…_202608150840.jpeg","image/jpeg","827988","Epic",""
"1581","1YuEMTxFM-yVtaXPkmbhvGlzB1HPuix_Q","Water_sphere_reflecting_cosmic_n…_202608150836.jpeg","image/jpeg","848848","Epic",""
"1582","1YUN0tZsCSvGhthhQG1ShL1it4L68hvWD","Stone_pillar_reflecting_cosmic_dawn_202608150846.jpeg","image/jpeg","835684","Epic",""
"1583","1yunZOX_Mjcv4EGWwV8c7ED5QzAxSS2RF","Wolf_standing_at_riverbank_202608101042.jpeg","image/jpeg","726735","Epic",""
"1584","1yV8ddyUHi5rK1HYmV6d5c0NETJT2wi78","Portrait_with_glowing_runic_tattoo_202608150842.jpeg","image/jpeg","898653","Epic",""
"1585","1YV8FWk-7K6h6H2WNMlYcKv1kPrJGh-rb","Boat_navigating_through_giant_reeds_202608150837.jpeg","image/jpeg","853781","Epic",""
"1586","1yVCY0pJJvGCpnYeOkTuDNVsOFoI2F8yq","Spirit_wolf_rescues_stranded_vil…_202608101042.jpeg","image/jpeg","881817","Epic",""
"1587","1yVxaR_iHfp_AoRBLNz_Jzo_CACtmYVEh","Companions_sitting_around_fireplace_202608150831_2.jpeg","image/jpeg","823884","Legendary",""
"1588","1YW_tYHT70UDcGznKwIzYhNe87zad44zS","Man_placing_offering_at_water_202608101047.jpeg","image/jpeg","765720","Legendary",""
"1589","1YwoRCqacVw5LjXXESgGCDvsv1qDKqAOe","Metallic_tracks_winding_through_…_202608150831.jpeg","image/jpeg","832590","Legendary",""
"1590","1YWUwVJ3nbSS10wKYLB_YZFl0WpOq8M2_","Water_threshold_with_glowing_rip…_202608101045.jpeg","image/jpeg","864409","Legendary",""
"1591","1YxeqsG2Gq7Fj36C_bLXyY62CDWAaStsK","Old_man_touching_girl_hand_202608101042.jpeg","image/jpeg","789710","Legendary",""
"1592","1yXIzHOBpHnDnZPNCMze_Ny_5RjWuGdpx","Three_headed_wolf_walking_water_202608150843.jpeg","image/jpeg","750305","Legendary",""
"1593","1yxzWGdJMI-hz-kt67brf8279F1ZGsB5d","Stone_pillar_reflecting_cosmic_dawn_202608150846_2.jpeg","image/jpeg","872057","Legendary",""
"1594","1yyO9q-YPKX9EaEFm_wNiBc2JOosMCa-w","Hand_holding_glowing_obsidian_key_202608150843.jpeg","image/jpeg","747370","Legendary",""
"1595","1yz77Df8zcOP8uUyGFuP1R4bu31n7IXSj","Three-headed_wolf_ready_for_battle_202608150830_6.jpeg","image/jpeg","756282","Legendary",""
"1596","1yZviPoA2ohckdE4dYOk2GQ5mPDR-tOLD","Noemi_healing_wounded_Nicolas_202608150842.jpeg","image/jpeg","926728","Legendary",""
"1597","1Z_Ox29ejYPayuX1uFo4PHIqlwglvmMtW","Earth_hands_cradling_glowing_lance_202608150838.jpeg","image/jpeg","890474","Legendary",""
"1598","1z0ik78eiL3D2AsK_M0rUnAg3HENZlAqR","Earth_giant_walking_sandy_valley_202608150841.jpeg","image/jpeg","1122021","Legendary",""
"1599","1z0qOsZJ1UAjJQWn0S-4z9pVAJ4uuRok2","Three-headed_wolf_howling_202608150843.jpeg","image/jpeg","803036","Legendary",""
"1600","1z1kzysfpRIcYUSiN8SaLSqM8BzC6bQ4-","Hand_wrapping_glowing_wooden_com…_202608150838.jpeg","image/jpeg","847745","Legendary",""
"1601","1z2R-nEPwOd0iCukABJ5_SssN6GR0v_fT","Colossal_hands_emerging_from_swamp_202608150842.jpeg","image/jpeg","852070","Legendary",""
"1602","1Z4fQlS6Xdm5oaG1xnkmvboIVWcsDc-17","Woman_staring_into_glowing_fire_202608150846.jpeg","image/jpeg","910440","Legendary",""
"1603","1Z64aC7UhIoSPiVA_1z1ndDsZSsUjGixJ","Wolf_spirit_absorbing_light_202608101045.jpeg","image/jpeg","768957","Legendary",""
"1604","1z8-qwZqyiFbu361gL2et_YdDeXRtvVEI","Three_headed_wolf_running_202608150841_2.jpeg","image/jpeg","863561","Legendary",""
"1605","1Z8dawG9sIUs5N7QofoZ7O9NJzgWVFGMQ","Person_illuminated_by_blue_light_202608150832.jpeg","image/jpeg","789780","Legendary",""
"1606","1zA1P_r-NqkzsvaQkGTRiVlmAdlVNDaMB","Turquoise_siren_on_river_rock_202608150844.jpeg","image/jpeg","886711","Legendary",""
"1607","1Zb6fL5oTlKCpDzJSz2dMCeW_gx9z_X_S","Three-headed_wolf_ready_for_battle_202608150834.jpeg","image/jpeg","887538","Legendary",""
"1608","1zBJfrITd0WZYzeCGGeEdly0z-fg3zyOQ","Pilgrim_poet_reciting_verses_out…_202608101044.jpeg","image/jpeg","829320","Legendary",""
"1609","1ZbPH-kBhy2X3YPxJBzSxf_CmG_RWYR0X","Thrinwulf_opens_its_eyes_202608101042.jpeg","image/jpeg","713608","Legendary",""
"1610","1zBx0-oa1Yh8MZUU6r1gDsi7OlbYoU9Lu","Portrait_of_man_with_logo_202608150846.jpeg","image/jpeg","840664","Legendary",""
"1611","1zC1FH3lFaY0cQcBKXbuxZ5sXn-wmHQS2","Village_gathered_on_riverbank_202608101044.jpeg","image/jpeg","888789","Legendary",""
"1612","1ZC1uUVDKGe51BAPzIskwxDlcAEubDhKv","Character_holding_glowing_obsidi…_202608150833.jpeg","image/jpeg","756029","Legendary",""
"1613","1zcgsBMroOrcDK0jVBQ51Wvj0sfplMRAe","Water_spirits_dancing_above_lagoon_202608150832.jpeg","image/jpeg","941085","Legendary",""
"1614","1zCKcNLJxXLIjs52sAuBazo4rXENR2oNm","Gold_pollen_drifting_through_forest_202608150845.jpeg","image/jpeg","767685","Legendary",""
"1615","1ZcR9aIAUJV2MXWsZ_md1RnD941Tm0IQG","Three_wooden_boats_sailing_202608150830.jpeg","image/jpeg","861143","Legendary",""
"1616","1zDsX0qFJgCdm2cbvdEKOhMYvdopjCCOW","Three-headed_wolf_ready_for_battle_202608150840_2.jpeg","image/jpeg","876802","Legendary",""
"1617","1zeIc3pQDKGHQEcyaFoH-pZJbVFqxl8nn","Three-headed_wolf_walking_in_water_202608150831.jpeg","image/jpeg","910233","Legendary",""
"1618","1zEILttMlu-9_i6RS7lKzd4FQmexwm6wI","Lance_casting_protective_golden_…_202608150840.jpeg","image/jpeg","963038","Legendary",""
"1619","1ZeULO_viEmvy9F7SESaZqLiAO0c102B7","Three-headed_wolf_howling_in_mist_202608150830.jpeg","image/jpeg","687891","Legendary",""
"1620","1zFAlOv5au5dHOb-Zg0eCOBWfX4HdChdv","Red_searchlights_scanning_marshland_202608150841.jpeg","image/jpeg","753199","Legendary",""
"1621","1zgOEYRUXxvvuQUrhD9H3V5gb_ZDvVJio","Relic_weapons_resting_on_altar_202608150840.jpeg","image/jpeg","908564","Legendary",""
"1622","1zGs4LhkdCT9YG-K3491OsQ-UWLJetUY-","Volcanic_cracks_in_charred_forest_202608150838.jpeg","image/jpeg","874287","Legendary",""
"1623","1zhPjBIgUbM49eALmmFLwKpnf1_1J1DRj","Three-headed_wolf_standing_dominant_202608150845.jpeg","image/jpeg","752458","Legendary",""
"1624","1ZIgpsCA8wtTPW2BO6bKoxxFIMz9SfmIP","Three_headed_wolf_standing_dominant_202608150833.jpeg","image/jpeg","868509","Legendary",""
"1625","1ZiSMSwxth27KGxPpYgZhtWtZd1guib6i","Lance_and_shield_on_hill_202608150835.jpeg","image/jpeg","1025731","Legendary",""
"1626","1zIX4onyrqqBp9Nc2cIg-SZsiqUIQn7FY","Sunrise_illuminating_ancient_tem…_202608150845.jpeg","image/jpeg","1058184","Legendary",""
"1627","1Zk_YHlvW18K1fZHjHDI33HeWW4eIe6-O","Volcanic_cracks_oozing_molten_lava_202608150831_3.jpeg","image/jpeg","1024362","Legendary",""
"1628","1zK8nE8V2253XWkV9bsKJa4VDGoDcv0SV","Luminous_wolf_stands_surrounded_…_202608101042.jpeg","image/jpeg","765384","Legendary",""
"1629","1ZkWwwnGWUFG1H5GIcthtC-qyutiYkGmB","Lance_and_shield_on_hill_202608150845_2.jpeg","image/jpeg","978429","Legendary",""
"1630","1ZLAtYj6PS6TZPxw3z6jmIrkP04ndf7Qi","Three-headed_wolf_standing_in_mud_202608150830.jpeg","image/jpeg","784249","Legendary",""
"1631","1ZldXh4j3AW3d7pi6tAJbUo94prayt4fJ","Noemi_holding_obsidian_compass_202608150838.jpeg","image/jpeg","730899","Legendary",""
"1632","1zLw5qhUANWX77BijTrbBQZaWzEvlLTpl","Three-headed_wolf_emerging_from_fog_202608150830_2.jpeg","image/jpeg","706404","Legendary",""
"1633","1zm8o77bgIbVJ9vojMaacEdl2RXwme6ju","Industrial_barge_leaking_crimson…_202608150830.jpeg","image/jpeg","978729","Legendary",""
"1634","1zNJJgQ-TUXbh0CfauORXWxwW2w5vnYA8","Earth_giant_walking_through_forest_202608150846.jpeg","image/jpeg","1133813","Legendary",""
"1635","1ZNo5EDgeBGvXKziwblVPbbVJ6voNEICe","Three-headed_spirit_wolf_in_ruins_202608101042.jpeg","image/jpeg","866720","Legendary",""
"1636","1znuH8lW-Yl0ghCYr2kd_mmtur9fGg_S8","Three-headed_wolf_on_river_emban…_202608150839.jpeg","image/jpeg","745445","Mythic",""
"1637","1zoME2I72K5wMstgM9yPE3-Nb4xODEsN8","Portrait_with_determined_expression_202608150841.jpeg","image/jpeg","969972","Mythic",""
"1638","1zoYs-AL88O9Ei2z3dTT1B7vSWq_tx5Uf","Red_searchlights_over_river_barge_202608150834.jpeg","image/jpeg","842505","Mythic",""
"1639","1Zpp2q7ZiFHK1A_rzvWe_gyxCOvza0zmn","Lance_and_shield_on_altar_202608150837.jpeg","image/jpeg","970764","Mythic",""
"1640","1Zr6stQf0NMKP1COWvdxBPl0op2uR2138","Three-headed_wolf_walking_throug…_202608150842.jpeg","image/jpeg","746904","Mythic",""
"1641","1ZrDltpxqViiU1Hpy1kV-H477lP3bE1Ub","Three-headed_wolf_emerging_from_fog_202608150845.jpeg","image/jpeg","763086","Mythic",""
"1642","1ZRMLYJiSV2lSF88_03vd4-V3TgZeMZMk","River_view_with_wolf_pack_202608101047.jpeg","image/jpeg","862277","Mythic",""
"1643","1zsc4b763EUotFicrafCg7xSzewrtl-2z","Weapons_crossed_on_altar_202608150834.jpeg","image/jpeg","907495","Mythic",""
"1644","1ZU9ttIjLS0k0WUaawgpzxpIJNs3hms5g","Industrial_barge_leaking_crimson…_202608150839.jpeg","image/jpeg","825994","Mythic",""
"1645","1zUxyQoAlXqwf64-cA5XwKWVuwnlSqdLl","Villagers_repairing_river_embank…_202608101043.jpeg","image/jpeg","880452","Mythic",""
"1646","1ZVXjgy5rJEkE89cJMogX7Exx9nyvrAaB","Three-headed_spirit_wolf_rising_…_202608101043.jpeg","image/jpeg","800790","Mythic",""
"1647","1ZWDD8X8tmd8AI0AS7VcGGgnSJE__jK0y","Wolf_statue_on_river_bank_202608150830.jpeg","image/jpeg","883964","Mythic",""
"1648","1ZXcSqtXWX_ZPBVA24q-ODJOmTBDL8YFM","Three-headed_wolf_howling_in_temple_202608150834.jpeg","image/jpeg","739823","Mythic",""
"1649","1ZxKbIRkmOmWric9hPt7PbplXeriTwHpv","Searchlights_scanning_desolate_m…_202608150835.jpeg","image/jpeg","744521","Mythic",""
"1650","1zXPGs19PYFFVQWk_YrWKbcm0WR9qYXd1","Golden_cracks_opening_on_cliffside_202608150840.jpeg","image/jpeg","911650","Mythic",""
"1651","1zzBrjb8gQ2Re6L_7OEZrGC0dfNL3vzBP","Bronze_key_on_weathered_wood_202608150836.jpeg","image/jpeg","838184","Mythic",""
"1652","1rpz7PB7dj285ZoJV_mKU4RiTEXXS2bnD","Silver_wolf_meeting_three-headed…_202608101047.jpeg","image/jpeg","986037","Unicorn",""

